Nombres,Genero
 HUGO,M
 DANIEL,M
 PABLO,M
 MARTIN,M
 ALEJANDRO,M
 ADRIAN,M
 ALVARO,M
 DAVID,M
 LUCAS,M
 MARIO,M
 DIEGO,M
 MANUEL,M
 LEO,M
 MATEO,M
 JAVIER,M
 IZAN,M
 MARCOS,M
 ALEX,M
 SERGIO,M
 MARC,M
 CARLOS,M
 JORGE,M
 MIGUEL,M
 ENZO,M
 ANTONIO,M
 ANGEL,M
 GONZALO,M
 IKER,M
 JUAN,M
 ERIC,M
 IVAN,M
 RUBEN,M
 VICTOR,M
 NICOLAS,M
 BRUNO,M
 SAMUEL,M
 HECTOR,M
 JOSE,M
 GABRIEL,M
 DARIO,M
 OLIVER,M
 AARON,M
 ADAM,M
 DYLAN,M
 JESUS,M
 MARCO,M
 AITOR,M
 ALBERTO,M
 GUILLERMO,M
 RAUL,M
 RODRIGO,M
 FRANCISCO,M
 JOEL,M
 ERIK,M
 PAU,M
 PEDRO,M
 LUIS,M
 JAIME,M
 RAFAEL,M
 ASIER,M
 UNAI,M
 MOHAMED,M
 MARTI,M
 GAEL,M
 THIAGO,M
 IAN,M
 FERNANDO,M
 OSCAR,M
 LUCA,M
 ANDRES,M
 BIEL,M
 ISMAEL,M
 ALONSO,M
 POL,M
 NIL,M
 JAN,M
 RAYAN,M
 ALEIX,M
 ARNAU,M
 CRISTIAN,M
 SAUL,M
 ISAAC,M
 SANTIAGO,M
 JULEN,M
 JOAN,M
 MIGUEL ANGEL,M
 AIMAR,M
 IGNACIO,M
 YOUSSEF,M
 EDUARDO,M
 MAURO,M
 ENRIQUE,M
 YAGO,M
 JOSE ANTONIO,M
 GERARD,M
 ABRAHAM,M
 NOAH,M
 OMAR,M
 IBAI,M
 FRANCISCO JAVIER,M
 JON,M
