Nombre,Genero
AARIZ,M
AAROM,M
AARON,M
AARÓN,M
AÁRON,M
ÁARON,M
AASHIR,M
ABAAN,M
ABD,M
ABDALAN,M
ABDALLAH,M
ABDEL,M
ABDELRAHMAN,M
ABDIAS,M
ABDÍAS,M
ABDIEL,M
ABDULKADER,M
ABDULRAHMAN,M
ABDYEL,M
ABED,M
ABEL,M
ABÉL,M
ABELARDO,M
ABIEL,M
ABIMAEL,M
ÁBIMAEL,M
ABIR,M
ABIUD,M
ABNER,M
ABRAHAM,M
ABRAHÁM,M
ABRAHAN,M
ABRUCCI,M
ABSALON,M
ABSALÓN,M
ABYEL,M
ACXELL,M
ADAEL,M
ADAM,M
ADAMS,M
ADÁN,M
ADDERLY,M
ADEMARO,M
ADEMIR,M
ADERLY,M
ADI,M
ADIEL,M
ADINSON,M
ADIR,M
ADLER,M
ADNAAN,M
ADOLFO,M
ADONAY,M
ADONIAS,M
ADONIS,M
ADREW,M
ADRIAN,M
ADRIÁN,M
ADRIANO,M
ADRICK,M
ADRIEL,M
ADRIEN,M
ADRIYAN,M
ADYAN,M
ADYHEL,M
AEDAN,M
AGOSTINO,M
AGUSTHIN,M
AGUSTHÍN,M
AGUSTHYN,M
AGUSTHYNN,M
AGUSTIIN,M
AGUSTIN,M
AGUSTÍN,M
AGUSTÌN,M
AGUSTO,M
AGUSTTIN,M
AGUSTYN,M
AGXSTIN,M
AHARON,M
AHLAN,M
AHMAD,M
AHXEL,M
AIDAN,M
AIDEN,M
AILAN,M
AIMIRU,M
AIRON,M
AISAAC,M
AITOR,M
AKA,M
AKBAL,M
AKILE,M
AKILES,M
AKIVI,M
ALAIN,M
ALAM,M
ALAN,M
ALÁN,M
ALANN,M
ALAYN,M
ALBAN,M
ALBARO,M
ALBER,M
ALBERT,M
ALBERTH,M
ALBERTO,M
ALBEYRO,M
ALBEYRON,M
ALBHERTT,M
ALDAHIR,M
ALDAIR,M
ALDEBARAN,M
ALDEBARÁN,M
ALDER,M
ALDO,M
ALDRICK,M
ALDRIN,M
ALEC,M
ÁLEIX,M
ALEJANDRO,M
ALEKSANDER,M
ALEKZEY,M
ALEM,M
ALEN,M
ALÉN,M
ALENN,M
ALEON,M
ALESSANDER,M
ALESSANDRE,M
ALESSANDRO,M
ALETH,M
ALETSANDER,M
ALEX,M
ALÉX,M
ALEXANDER,M
ALEXANDHER,M
ALEXANDRE,M
ALEXANDRO,M
ALEXI,M
ALEXIEL,M
ALEXIO,M
ALEXIS,M
ALEXSANDER,M
ALEXSIS,M
ALFONSO,M
ALFREDO,M
ALHAN,M
ALI,M
ALÍ,M
ALIEL,M
ALIOXY,M
ALIWEN,M
ALKRI,M
ALLAN,M
ALLEM,M
ALLEN,M
ALLÉN,M
ALOIS,M
ALON,M
ALONSO,M
ALONSSO,M
ALONZO,M
ALTAIR,M
ALUNEY,M
ALVAR,M
ALVARO,M
ÁLVARO,M
ALVIERI,M
ALVIO,M
ALWAN,M
AMADEO,M
AMADO,M
AMADOR,M
AMAR,M
AMARO,M
AMARU,M
AMÁRU,M
AMAURY,M
AMBER,M
AMBROSIO,M
AMÉRICO,M
AMETS,M
AMIEL,M
AMIN,M
AMIR,M
AMÍR,M
AMIT,M
AMMAR,M
AMMIR,M
AMTIRI,M
ANAÍS,M
ANANDA,M
ANANIA,M
ANANÍAS,M
ANAS,M
ANCEL,M
ANDER,M
ANDERS,M
ANDERSON,M
ANDHER,M
ANDONI,M
ANDRE,M
ANDRÉ,M
ANDRÈ,M
ANDRE',M
ANDREA,M
ANDREÉ,M
ANDREEY,M
ANDRÉS,M
ANDREU,M
ANDREW,M
ANDREY,M
ANDRICK,M
ANDRIES,M
ANDRIW,M
ANDRIWN,M
ANDRO,M
ANDRUK,M
ANDRUS,M
ANDRUSS,M
ANDRUZ,M
ANDRY,M
ANDRYU,M
ANDRYUS,M
ANDY,M
ANER,M
ANGEL,M
ÁNGEL,M
ANGELLO,M
ANGELO,M
ÁNGELO,M
ÂNGELO,M
ANGHELO,M
ANIBAL,M
ANÍBAL,M
ANÌBAL,M
ANIEL,M
ANIELO,M
ANKATU,M
ANKATÜ,M
ANKAWALL,M
ANKU,M
ANLLELO,M
ANMICAEL,M
ANNIBAL,M
ANNÍBAL,M
ANNTONY,M
ANSELMO,M
ANSHAR,M
ANTAR,M
ANTAY,M
ANTHON,M
ANTHONEL,M
ANTHONI,M
ANTHONNY,M
ANTHONY,M
ANTHUAN,M
ANTIAN,M
ANTOINE,M
ANTON,M
ANTONÍ,M
ANTONIN,M
ANTONIO,M
ANTONN,M
ANTONY,M
ANTU,M
ANTÚ,M
ANTÜ,M
ANTUAN,M
ANTUÁN,M
ANTUÀN,M
ANTÙAN,M
ANTUANNE,M
ANTUEL,M
ANTWAN,M
ANYELO,M
ANYHELO,M
APDALIAN,M
APOLO,M
AQUILE,M
AQUILES,M
ARAFATH,M
ARAGON,M
ARAHAT,M
ARAMIS,M
ARAMIZ,M
ARANTES,M
ARANTTE,M
ARDY,M
AREMIS,M
ARI,M
ARIAN,M
ARIEL,M
ARIKI,M
ARION,M
ARIS,M
ARÍSTIDES,M
ARJEL,M
ARJEN,M
ARLE,M
ARLEX,M
ARMANDO,M
ARMEN,M
ARMIN,M
ARNALDO,M
ARNOLD,M
AROI,M
ARON,M
ARÓN,M
ARONJHON,M
ARONN,M
AROON,M
ÁRRIGO,M
ARTHUR,M
ARTHURO,M
ARTURO,M
ASAEL,M
ASAF,M
ASBEL,M
ASDRUBAL,M
ASHIK,M
ASHLY,M
ASHTAR,M
ASHTON,M
ASIER,M
ASLAN,M
ASSIER,M
ASTIN,M
ASTON,M
ATAKAN,M
ÁTHOS,M
ATILIO,M
ATOM,M
ATTICUS,M
ATTIS,M
AUCAN,M
AUCÁN,M
AUGUST,M
AUGUSTE,M
AUGUSTIN,M
AUGUSTO,M
AUKAN,M
AUKINÑ,M
AURELIAN,M
AUSBERTO,M
AUSSON,M
AUSTIIN,M
AUSTIN,M
AVGUSTIN,M
AVI,M
AXCEL,M
AXEL,M
AXÉL,M
ÁXEL,M
AXELL,M
AXL,M
AYAN,M
AYAROS,M
AYDAN,M
ÀYDAN,M
AYHAN,M
AYLER,M
AYMAN,M
AYMON,M
AYRON,M
AYRTON,M
AYSHMIRR,M
AYÜWN,M
AZAEL,M
AZARÍAS,M
AZARIEL,M
AZHARIAS,M
AZRAEL,M
BACHIR,M
BADIR,M
BAHIRON,M
BAHYRON,M
BAIRON,M
BALARAM,M
BALDOMERO,M
BALMEZ,M
BALTASAR,M
BALTAZAR,M
BALTAZHAR,M
BALTHAZAR,M
BANDER,M
BANI,M
BARRY,M
BARTOLOMÉ,M
BARUC,M
BAS,M
BASILIO,M
BASTHIAN,M
BASTHIÁN,M
BASTIAAN,M
BASTIAN,M
BASTIÁN,M
BASTIÀN,M
BASTÍAN,M
BÁSTIAN,M
BASTIANN,M
BASTTIAN,M
BASTYAN,M
BATISTA,M
BAUSTISTA,M
BAUTISTA,M
BAYRON,M
BAYRÓN,M
BEDER,M
BEISAR,M
BELFORD,M
BELIAN,M
BELIÁN,M
BELISARIO,M
BELKAN,M
BELTRÁN,M
BEN,M
BENEDETTO,M
BENEDICK,M
BENICIO,M
BENITO,M
BENJAHMIN,M
BENJAMIM,M
BENJAMÍM,M
BENJAMIN,M
BENJAMÍN,M
BENJAMÌN,M
BENJAMINO,M
BENJAMYN,M
BENJEAMIN,M
BENJHAMIN,M
BENLLAMIN,M
BENLY,M
BENYABET,M
BENYAMIN,M
BENYAMÍN,M
BENYAMIR,M
BENYEMIN,M
BENYIHAMIN,M
BERNABÉ,M
BERNARDINO,M
BERNARDO,M
BETSAEL,M
BEYLIAN,M
BEYMAR,M
BHAIRON,M
BHALTAZAR,M
BIANCO,M
BILL,M
BILLY,M
BILSAN,M
BINGZHAO,M
BISEN,M
BJÖRN,M
BLADIMIR,M
BLADIMYR,M
BLAS,M
BLASS,M
BLESS,M
BOGDAN,M
BORIS,M
BORJA,M
BORNEY,M
BOZIDAR,M
BRACEY,M
BRAD,M
BRADD,M
BRADDY,M
BRADYAN,M
BRAHIAN,M
BRAIAN,M
BRANCO,M
BRANDHON,M
BRANDO,M
BRANDON,M
BRANDÓN,M
BRANDY,M
BRANKO,M
BRANLY,M
BRAULIO,M
BRAYAN,M
BRED,M
BREIDY,M
BREIMY,M
BREINNER,M
BRENYEMI,M
BRET,M
BREYNER,M
BRI,M
BRIAM,M
BRIAN,M
BRIÁN,M
BRIAYAN,M
BRIHAN,M
BRIMER,M
BRISTIAN,M
BRUCE,M
BRUNNO,M
BRUNO,M
BRUS,M
BRYAM,M
BRYAN,M
BRYANT,M
BRYCE,M
BRYDAN,M
BUDDY,M
BUNI,M
BUSTA,M
BYRO,M
BYRON,M
CAESAR,M
CAETANO,M
CAIN,M
CAIO,M
CALEB,M
CALEF,M
CALIXTO,M
CAMIL,M
CAMILO,M
CARLES,M
CARL-GUSTAF,M
CARLO,M
CARLOS,M
CARLOS-ALONSO,M
CARYL,M
CASH,M
CASIANO,M
CEBASTHIAN,M
CEDERICK,M
CEDRIC,M
CEDRICK,M
CELSO,M
CERCIO,M
CESAR,M
CÉSAR,M
CHABI,M
CHARLES,M
CHARLIE,M
CHARLIER,M
CHARLY,M
CHEN,M
CHENG,M
CHETAN,M
CHILE,M
CHRIS,M
CHRISLEY,M
CHRISS,M
CHRISTAM,M
CHRISTHOFER,M
CHRISTHOPER,M
CHRISTIAM,M
CHRISTIAN,M
CHRISTIÁN,M
CHRISTO,M
CHRISTOBAL,M
CHRISTÓBAL,M
CHRISTOFER,M
CHRISTOFFER,M
CHRISTOFHER,M
CHRISTOPH,M
CHRISTOPHER,M
CHRISTOPPER,M
CHRISTOVAL,M
CHRISTTOBAL,M
CHRYSTHYAN,M
CIRO,M
CISQO-MIGUEL,M
CKIAM,M
CLARENCE,M
CLARENS,M
CLAUDIO,M
CLAUS,M
CLAVER,M
CLÉMENT,M
CLEMENTE,M
CLÉMENTE,M
CLEVERSON,M
CLIPH,M
CLOVIS,M
CONNOR,M
CONSTANTINO,M
COREY,M
COSME,M
COSTANTINO,M
CRAIG,M
CRESCENTE,M
CRHISTOBAL,M
CRIISTIÁN,M
CRIS,M
CRISANTO,M
CRISLEY,M
CRISÓSTOMO,M
CRISS,M
CRISTHIAN,M
CRISTHIÁN,M
CRISTHOBAL,M
CRISTHÓBAL,M
CRISTHOFER,M
CRISTHOPER,M
CRISTHOPHER,M
CRISTHOPPER,M
CRISTIAM,M
CRISTIAN,M
CRISTIÁN,M
CRISTIÀN,M
CRÍSTIAN,M
CRISTIANO,M
CRISTO,M
CRISTOBAL,M
CRISTÓBAL,M
CRISTOBALL,M
CRISTOFER,M
CRISTOFFER,M
CRISTOFHER,M
CRISTOPER,M
CRISTOPHER,M
CRISTÓVÃO,M
CRUICE,M
CRUZ,M
CUINIC,M
DACH,M
DAEL,M
DAÉL,M
DAFTAN,M
DAFTHIN,M
DAFTIN,M
DAGO,M
DAGOBERTO,M
DAHIAN,M
DAHIR,M
DAHRIEL,M
DAIRO,M
DAIRON,M
DAIVID,M
DALAI,M
D'ALESSANDRO,M
DALIAN,M
DALKON,M
DALMIRO,M
DAMAR,M
DAMASO,M
DAMIAN,M
DAMIÁN,M
DÁMIAN,M
DAMIANO,M
DAMIEN,M
DAMYAN,M
DAN,M
DANAEL,M
DANCKO,M
DANCO,M
DANER,M
DANFFER,M
DANGELO,M
DANIEL,M
DÁNIEL,M
DANIELL,M
DANIELS,M
DÀNIEL'S,M
DANILO,M
DANKO,M
DANNIEL,M
DANNIELL,M
DANNIELS,M
DANNTE,M
DANNY,M
DANTE,M
DANTHE,M
DANTTE,M
DANY,M
DANYELO,M
DARCKO,M
DAREK,M
DAREN,M
DARIAN,M
DARICSON,M
DARIEL,M
DÁRIEL,M
DARIEN,M
DARIÉN,M
DÁRIEN,M
DARIETH,M
DARIKSÓN,M
DARILAN,M
DARIO,M
DARÍO,M
DARIUS,M
DARKO,M
DARLING,M
DARREL,M
DARRELL,M
DARREN,M
DARRY,M
DARRYL,M
DARTON,M
DARUAN,M
DARVIN,M
DARWIN,M
DARWING,M
DARWYN,M
DARYAN,M
DARYEN,M
DARYL,M
DASHIÉLL,M
DASTAN,M
DASTÁN,M
DASTHAN,M
DÁSTIAN,M
DASTIN,M
DASTINE,M
DASTING,M
DAVE,M
DAVI,M
DAVID,M
DAVIS,M
DAVOR,M
DAWID,M
DAXEL,M
DAYLAN,M
DAYMAEL,M
DAYRO,M
DAYRON,M
DAZTHAN,M
DEALESSANDRO,M
DEAN,M
DEBIAN,M
DECKLER,M
DECLER,M
DEEREK,M
DEHMIAN,M
DEIBY,M
DEIBYT,M
DEILYAN,M
DEIMAR,M
DEIVI,M
DEIVID,M
DEIVY,M
DEIVYD,M
DEJON,M
DELET,M
DELIAN,M
DELYAN,M
DEMETRIO,M
DEMIAM,M
DEMIAN,M
DEMIÁN,M
DÉMIAN,M
DEMIS,M
DEMYAN,M
DENAN,M
DENCEL,M
DENILSON,M
DENIM,M
DENIS,M
DENIZ,M
DENKO,M
DENNILSÓN,M
DENNIS,M
DENNY,M
DENNYS,M
DENSSEL,M
DENY,M
DENYLTÓN,M
DENZEL,M
DERECK,M
DEREK,M
DEREMIK,M
DERIAN,M
DÉRIAN,M
DERICK,M
DERIK,M
DERLENSKY,M
DERNISS,M
DERY,M
DERYAN,M
DESMOND,M
DEVIÁN,M
DEVON,M
DEXANDER,M
DEYBI,M
DEYKER,M
DEYLAN,M
DEYLANN,M
DEYMAR,M
DEYMIAN,M
DEYMON,M
DEYVI,M
DEYVID,M
DHÁMIAN,M
DHANTE,M
DHAYAN,M
DHEIVY,M
DHENIAM,M
DHEREK,M
DHEYLAN,M
DHIAN,M
DHILAN,M
DHYLAN,M
DHYLLAN,M
DI,M
DIAGMAN,M
DIANGELO,M
DIBIER,M
DICKSON,M
DIDDIER,M
DIDHIER,M
DIDIER,M
DIEGO,M
DIEGOALONSO,M
DIETER,M
DIHEGO,M
DILAN,M
DILAND,M
DILLAN,M
DIMAS,M
DIMIAN,M
DIMITHRIT,M
DIMITRI,M
DIMITRY,M
DIOGO,M
DIOMAR,M
DIOMARO,M
DIÓMEDES,M
DION,M
DIONEL,M
DIONICIO,M
DIONISIO,M
DIONNY,M
DIRK,M
DIXON,M
D'LÉH,M
DOMÉNICO,M
DOMEYCO,M
DOMINGO,M
DOMINICK,M
DÓMINICK,M
DOMINIK,M
DÓMINIK,M
DOMINIQUE,M
DONATO,M
DONATTO,M
DONKAN,M
DONOBAL,M
DONOVAN,M
DORIAN,M
DOSTIN,M
DOUBAERVE,M
DOUGLAS,M
DRAGO,M
DRAGOMIR,M
DRAKE,M
DRASCHNIN,M
DRAZEN,M
DREICK,M
DREXEL,M
DREYCK,M
DRÍAN,M
DRYAN,M
DUAM,M
DUAN,M
DUBAN,M
DUBBANN,M
DUGLAS,M
DUNCAN,M
DUSAN,M
DUSTAN,M
DUSTIN,M
DWAYNE,M
DWYNE,M
DYLAM,M
DYLAN,M
DYLÁN,M
DYLAND,M
DYLANN,M
DYLIAN,M
DYRON,M
DYTTER,M
DYXON,M
EATHAN,M
EBANS,M
EBER,M
ECAR,M
EDDER,M
EDDIE,M
EDDIER,M
EDDWARD,M
EDDY,M
EDER,M
EDERSON,M
EDGAR,M
EDGARD,M
EDGARDH,M
EDGARDO,M
EDILIO,M
EDINSON,M
EDISON,M
EDISSON,M
EDMOND,M
EDMUNDO,M
EDREY,M
EDRIAN,M
EDSON,M
EDU,M
EDUAR,M
EDUARD,M
EDUARDO,M
EDUART,M
EDUARTH,M
EDUT,M
EDWANS,M
EDWAR,M
EDWARD,M
EDWARDS,M
EDWARDT,M
EDWARS,M
EDWHARD,M
EDWIN,M
EDY,M
EDYSON,M
EDYSSON,M
EFRAIM,M
EFRAIN,M
EFRAÍN,M
EFRATA,M
EFRÉN,M
EFRON,M
EGOR,M
EHIDAN,M
EHIDANN,M
EHYDAN,M
EIDAN,M
ÉIDAN,M
EIDEN,M
EIGOR,M
EIJI,M
EIKER,M
EITAN,M
EITHAN,M
EKHAR,M
ELAÍN,M
ELAM,M
ELARD,M
ELEAZAR,M
ELENTON,M
ELI,M
ELIAB,M
ELIAHU,M
ELIAM,M
ELIAN,M
ELIÁN,M
ELIÀN,M
ÉLIAN,M
ELIANS,M
ELIAQUIM,M
ELIAS,M
ELÍAS,M
ELIAZAR,M
ELICURA,M
ELIDJAH,M
ELIECER,M
ELIEL,M
ELIEN,M
ELIER,M
ELIERE,M
ELIESER,M
ELIET,M
ELIEZER,M
ELIHAM,M
ELIHAN,M
ELIHÚ,M
ELIMILEC,M
ELIO,M
ELIOT,M
ELIOTH,M
ELISEO,M
ELIU,M
ELIÙ,M
ELIUD,M
ELKYN,M
ELLERY,M
ELLIOT,M
ELLIOTH,M
ELLIOTT,M
ELMER,M
ELMO,M
ELNATHAN,M
ELOEL,M
ELOHIM,M
ELOUAN,M
ELOY,M
ELRIK,M
ELTON,M
ELUNEY,M
ELVER,M
ELVIS,M
ELWIS,M
ELYAN,M
ELZO,M
EMAD,M
EMANUEL,M
EMCY,M
EMERARDO,M
EMERSON,M
EMIL,M
EMILE,M
EMILIAN,M
EMILIANO,M
EMILIO,M
EMIR,M
EMLIO,M
EMMANUEL,M
EMMHIR,M
EMMILIANO,M
EMOCKSON,M
EMSAI,M
ENAHEL,M
ENGEL,M
ENGELBERT,M
ENGELL,M
ENKI,M
ENNIO,M
ENOC,M
ENRIQUE,M
ENRY,M
ENZO,M
ERAGON,M
ERASMO,M
ERECK,M
ERENIO,M
EREZ,M
ERIC,M
ERICH,M
ERICK,M
ERICKSON,M
ERIK,M
ERISON,M
ERLYN,M
ERMAN,M
ERNE,M
ERNESTO,M
EROS,M
ERVANDO,M
ERWIN,M
ERWUIN,M
ERYK,M
ESDRAS,M
ESTARLIN,M
ESTEBAN,M
ESTEBO,M
ESTEFAN,M
ESTEFANO,M
ESTYBEN,M
ESTYV,M
ETHAN,M
ETHANT,M
ETHIAN,M
ETHIANS,M
ETHIEL,M
ETHÍEL,M
ETHIER,M
ETHUAN,M
ETIAN,M
ETIANNE,M
ETIENNE,M
ETSHÍON,M
ETTIAN,M
ETTIENE,M
ETTIER,M
ETZZIO,M
EUGENIO,M
EVAL,M
EVALDO,M
EVAN,M
EVANDER,M
EVANS,M
EVANT,M
EVANZ,M
EVARISTO,M
EVENS,M
EVER,M
EVERT,M
EVHANZ,M
EXCEQUEL,M
EXCEQUIEL,M
EXEKIEL,M
EXEQUIEL,M
EXQUIEL,M
EXSEQUEL,M
EXSEQUIEL,M
EXZEQUIEL,M
EXZON,M
EYCOM,M
EYDAM,M
EYDAN,M
EYDANN,M
EYDANTH,M
EYDDEN,M
EYDEN,M
EYDHAN,M
EYLAN,M
EYMAR,M
EYNAR,M
EYNER,M
EYSAN,M
EYTAN,M
EYTHAN,M
EYVANS,M
EYZAN,M
EYZER,M
EZEQUIEL,M
EZIO,M
FABIAN,M
FABIÁN,M
FABIANO,M
FABIO,M
FABRICIO,M
FABRIZIO,M
FACUNDO,M
FAHAD,M
FARAH,M
FARID,M
FARIT,M
FAUD,M
FAUSTINO,M
FAVIÁN,M
FAVIO,M
FEDERICO,M
FEISEN,M
FELICIANO,M
FELIPE,M
FELIPHE,M
FELIX,M
FÉLIX,M
FERENC,M
FERNANDHO,M
FERNANDO,M
FERRAN,M
FERRÁN,M
FHELIPE,M
FHILLIPP,M
FIDEL,M
FIDIAN,M
FILIBERTO,M
FILIP,M
FILIPPO,M
FILLIPO,M
FLAVIO,M
FLORENCIO,M
FRANCCESCO,M
FRANCESCO,M
FRANCEZCO,M
FRANCHESCKO,M
FRANCHESCO,M
FRANCHESCOLI,M
FRANCHESKO,M
FRANCIS,M
FRANCISCO,M
FRANCKO,M
FRANCO,M
FRANJO,M
FRANJOLI,M
FRANK,M
FRANKHO,M
FRANKLIN,M
FRANKO,M
FRANKY,M
FRANSISCO,M
FRANXESCO,M
FRANZ,M
FRED,M
FREDDY,M
FRÉDÉRIC,M
FREDERICH,M
FREDERICK,M
FREDERIK,M
FREDERYK,M
FREDY,M
FREMONT,M
FRITZ,M
FRITZANTO,M
FROILÁN,M
FUAD,M
GABINO,M
GABRIEL,M
GABRIHEL,M
GADEPH,M
GADIEL,M
GAEL,M
GAËL,M
GAHEL,M
GAIRZINHO,M
GAL,M
GALAHAT,M
GALINDO,M
GALO,M
GAMADIEL,M
GAMAL,M
GAMALIEL,M
GAMALIER,M
GARETH,M
GARY,M
GASPAR,M
GASPARD,M
GASTON,M
GASTÓN,M
GASTÒN,M
GEANCARLO,M
GEANFRANCO,M
GEDEON,M
GEDEÓN,M
GEDER,M
GEISHIRO,M
GELARD,M
GENARO,M
GENNARO,M
GEORDI,M
GEORGE,M
GEORHAN,M
GEOVANI,M
GEOVANNI,M
GEOVANNY,M
GEOVANY,M
GERAL,M
GERALD,M
GERALDO,M
GERALD-PHILIPP,M
GERARD,M
GERARDO,M
GEREMI,M
GEREMÍAS,M
GEREMY,M
GEREMYAS,M
GERK,M
GERKOV,M
GERMAIN,M
GERMÁN,M
GERMANCITO,M
GERONIMO,M
GERÓNIMO,M
GERRARD,M
GERSON,M
GESSLER,M
GHANDY,M
GHASPAR,M
GHAZWAN,M
GHEAN,M
GHIO,M
GIACOMO,M
GIAMPIERO,M
GIAN,M
GIANCARLO,M
GIANCARLOS,M
GIANFRANCO,M
GIAN-FRANCO,M
GIANLUCA,M
GIANLUCAS,M
GIANMARCO,M
GIANNI,M
GIANPAOLO,M
GIANPIERE,M
GIENNARO,M
GIGLIO,M
GILBERTH,M
GILBERTO,M
GILMAR,M
GILSON,M
GINO,M
GIOBRANCO,M
GIOMAR,M
GIORDAN,M
GIORDANNO,M
GIORDANO,M
GIORGIO,M
GIOVANI,M
GIOVANNI,M
GIOVANNY,M
GIÓVEL,M
GIRALDO,M
GIRIHANNY,M
GIULIAN,M
GIULIANNO,M
GIULIANO,M
GIULIO,M
GIUSEPPE,M
GIUSSEPPE,M
GLEM,M
GLEN,M
GOETHE,M
GOHAN,M
GOLDTHIER,M
GONZALO,M
GORAN,M
GORDANO,M
GORKA,M
GRECCO,M
GRECO,M
GREEG,M
GREGORIO,M
GREGORY,M
GREIDY,M
GUAN,M
GUERAL,M
GUERRIER,M
GUIDO,M
GUILHAUME,M
GUILLEM,M
GUILLERMO,M
GUIORDANO,M
GUIOVVANI,M
GUISEPPE,M
GUNTHER,M
GÜNTHER,M
GUSSEPPI,M
GUSTAVO,M
HAAMIR,M
HADES,M
HADONAY,M
HAI,M
HA'I,M
HAIAN,M
HAKAN,M
HAKIM,M
HALAN,M
HALEXSANNDHEER,M
HAMID,M
HAMILTON,M
HAMMID,M
HAMNS,M
HANCEL,M
HANDRY,M
HANDY,M
HANNIBAL,M
HANNS,M
HANS,M
HANSEL,M
HANSRUEDI,M
HANSZ,M
HANZ,M
HAO,M
HAOFENG,M
HAOYU,M
HARALD,M
HARIJAN,M
HARMIN,M
HAROL,M
HAROLD,M
HAROLDO,M
HARÓN,M
HARRI,M
HARRISON,M
HARVEY,M
HARVIN,M
HASAN,M
HASSAN,M
HATZAEL,M
HAU,M
HAYAR,M
HAYD,M
HAZIEL,M
HAZIER,M
HEAN,M
HEBER,M
HEBERT,M
HECTOR,M
HÉCTOR,M
HÈCTOR,M
HEDER,M
HEDHER,M
HEICKER,M
HEINZ,M
HEIVAN,M
HELIAN,M
HELMER,M
HELMUTH,M
HENDRIK,M
HENKEL,M
HENNRY,M
HENRRY,M
HENRY,M
HENRYK,M
HERALDO,M
HERBERT,M
HERIK,M
HERINCH,M
HERMAN,M
HERMANS,M
HERMES,M
HERNAN,M
HERNÁN,M
HERNS,M
HERVÉ,M
HETIEL,M
HEXTOR,M
HEYDAN,M
HEYDEN,M
HEYSI,M
HEYTHAN,M
HIAN,M
HIGINIO,M
HIKER,M
HIRIAM,M
HIROSHI,M
HITAN,M
HITI,M
HOKIMAI,M
HORACIO,M
HORAZIO,M
HORIEL,M
HORVÁTHSSEÏN'NG,M
HOSTIN,M
HOSTYN,M
HRITHIK,M
HUENTEMILLA,M
HUGO,M
HUGUEL,M
HUMBERTO,M
HUSIM,M
HUSSAM,M
HUSSEIN,M
HYLAN,M
HYORDAN,M
HYRUM,M
HYUN-BEE,M
IAAN,M
IAIR,M
IAM,M
IAN,M
IÁN,M
ÍAN,M
IANCARLO,M
IANE,M
IANFRANCO,M
IANKO,M
IANN,M
IANS,M
IARI,M
IBAR,M
IBRAHIM,M
IBRAIN,M
ICHIRO,M
ICKER,M
IDÁN,M
IDEL,M
IGNACIO,M
IGNACIO-ANDRÉS,M
IGNACIO-FRANCISCO,M
IGNASIO,M
IGOR,M
IHAAN,M
IHAN,M
IHÁN,M
IHÂN,M
IHANNS,M
IHOJAIRO,M
ÍKARO,M
IKER,M
IKÉR,M
IKERD,M
IKERR,M
IKERT,M
IKHER,M
ILAI,M
ILAN,M
ILÁN,M
ILHAN,M
ILIAN,M
ILIE,M
ILIER,M
INAYÁN,M
INDI,M
INDIANA,M
INGO,M
INRI,M
INTI,M
IÑAKI,M
IÑAQUI,M
IÑIAKY,M
IÑIGO,M
IOSSEF,M
IOULIOS,M
IOVANI,M
IRON,M
ISAAC,M
ISÁAC,M
ISAACK,M
ISAAK,M
ISAC,M
ISAI,M
ISAÍ,M
ISAIA,M
ISAIAS,M
ISAÍAS,M
ISAÌAS,M
ISAIASH,M
ISAID,M
ISAIDT,M
ISAIN,M
ISAK,M
ISAKAK,M
ISAM,M
ISAN,M
ISHAN,M
ISIDORO,M
ISIDRO,M
ISMAEL,M
ISRAEL,M
ISRRAEL,M
ISSAC,M
ISSAIAS,M
ISSAIAZ,M
ISTVAN,M
ITAÌ,M
ITALO,M
ÍTALO,M
ITAN,M
ITHAM,M
ITHAN,M
ITIEL,M
ITSAE,M
ITTAM,M
ITZAEL,M
ITZEL,M
ITZJAK,M
IVAN,M
IVÁN,M
IVÀN,M
ÍVAN,M
IVAR,M
IVER,M
IVES,M
IVO,M
IYAD,M
IZAN,M
JAAZIEL,M
JABES,M
JACK,M
JACKERSON,M
JACKO,M
JACKSIEL,M
JACKSON,M
JACOB,M
JACSTIN,M
JADEN,M
JADHIEL,M
JADIEL,M
JADIELLE,M
JADIER,M
JADIR,M
JAEL,M
JAEN,M
JAGANATH,M
JAHAL,M
JAHAZIEL,M
JAHDIEL,M
JAHEL,M
JAHIM,M
JAHIR,M
JAHIRO,M
JAHMAI,M
JAHMIRO,M
JAHRIEL,M
JAHYM,M
JAHZIEL,M
JAICO,M
JAICOB,M
JAIDEV,M
JAIME,M
JAIMITO,M
JAIR,M
JAIRO,M
JAIRON,M
JAISON,M
JAKCEL,M
JAKOB,M
JAKUB,M
JAN,M
JAM,M
JAMAHL,M
JAMAL,M
JAMES,M
JAMIL,M
JAMIR,M
JAMNER,M
JAMPHIER,M
JAMPIER,M
JAMPOL,M
JANCEL,M
JANDRE,M
JANNS,M
JANPIER,M
JANS,M
JANSEL,M
JANYR,M
JARED,M
JÁRED,M
JARETH,M
JARIHEL,M
JARODTHN,M
JAROL,M
JASBAN,M
JASIEL,M
JASIR,M
JASON,M
JASSAEL,M
JASSIEL,M
JASTIN,M
JASTÍN,M
JATHNIEL,M
JATNIEL,M
JAVES,M
JAVIER,M
JAVÍN,M
JAYCKO,M
JAYCOB,M
JAYDEN,M
JAYKO,M
JAYRO,M
JAZIEL,M
JAZNIEL,M
JEAHYR,M
JEAM,M
JEAMPHIER,M
JEAN,M
JEANCARLO,M
JEANCARLOS,M
JEANDARY,M
JEANELSON,M
JEANFRANCO,M
JEAN-FRANCO,M
JEAN-FRANÇOIS,M
JEANLUI,M
JEANPAUL,M
JEAN-PAUL,M
JEAN-PHILIPPE,M
JEANPIER,M
JEAN-PIER,M
JEANPIERRE,M
JEAN-PIERRE,M
JEANS,M
JEASON,M
JECONIAS,M
JEFERSON,M
JEFFERSON,M
JEFFREY,M
JEFFRY,M
JEFRI,M
JEFRY,M
JEHANFRANCO,M
JEHERALD,M
JEHIEL,M
JEHIKO,M
JEHISON,M
JEHOVANS,M
JEHÚ,M
JEICK,M
JEICOB,M
JEICOL,M
JEIDEN,M
JEIK,M
JEIKO,M
JEIKOL,M
JEILER,M
JEIMY,M
JEINS,M
JEISON,M
JEISSON,M
JEMMEL,M
JEN,M
JENDRICK,M
JENRY,M
JENS,M
JENSEN,M
JERAL,M
JERALD,M
JERAR,M
JERARDO,M
JERATH,M
JEREMI,M
JEREMIAH,M
JEREMIAS,M
JEREMÍAS,M
JEREMIAZ,M
JEREMIE,M
JEREMITH,M
JEREMMY,M
JEREMY,M
JERHAL,M
JERIEL,M
JERMAIN,M
JERMAINE,M
JERMAN,M
JERMY,M
JEROBAM,M
JEROHAM,M
JEROME,M
JERÓNIMO,M
JERRICO,M
JERRY,M
JERSON,M
JERSSON,M
JESHUA,M
JESSY,M
JESUIAS,M
JESUS,M
JESÚS,M
JETSUN,M
JEWELL,M
JEYCO,M
JEYCOB,M
JEYCOBS'S,M
JEYDEN,M
JEYKO,M
JEYKOB,M
JEYKO-JOMAR,M
JEYLAN,M
JEYNER,M
JEYSON,M
JEZIEL,M
JHAAN,M
JHABIT,M
JHADIEL,M
JHADYELL,M
JHAIR,M
JHAIRO,M
JHAMYC,M
JHAN,M
JHANDIEL,M
JHANN,M
JHANS,M
JHANSON,M
JHEAN,M
JHEANS,M
JHEFRYN,M
JHEISON,M
JHEISSON,M
JHENSEN,M
JHEREMY,M
JHEYCOL,M
JHEYSON,M
JHOAIN,M
JHOAN,M
JHÓAN,M
JHOANN,M
JHOANS,M
JHOAO,M
JHOAQUIN,M
JHOASYL,M
JHOCSAN,M
JHOCTAN,M
JHOEL,M
JHOHAN,M
JHOJAN,M
JHON,M
JHONALLKEL,M
JHONAT,M
JHONATAN,M
JHONATTAN,M
JHONAY,M
JHONDARY,M
JHONEYCO,M
JHONFRANKHO,M
JHONIE,M
JHONN,M
JHONNAS,M
JHONNIEL,M
JHONNY,M
JHONY,M
JHORBI,M
JHORDAN,M
JHORDANO,M
JHORDINO,M
JHORJAN,M
JHORY,M
JHOSEF,M
JHOSEP,M
JHOSEPH,M
JHOSSE,M
JHOSTIN,M
JHOSTYN,M
JHOSUA,M
JHOSUE,M
JHOTJAN,M
JHOVANNY,M
JHOVANY,M
JHOVI,M
JHOZABAD,M
JHULLYANNO,M
JI,M
JIAHE,M
JIANPOLL,M
JIILIANS,M
JIMI,M
JIMMY,M
JIMY,M
JIN,M
JINGJUN,M
JIORDANO,M
JIOVANY,M
JIUSSEPE,M
JOAB,M
JOAHANN,M
JOAHNN,M
JOAKIN,M
JOAKÍN,M
JOAN,M
JOANN,M
JOANNI,M
JOANS,M
JOAO,M
JOÃO,M
JOAQUIM,M
JOAQUIN,M
JOAQUÍN,M
JOAQUÌN,M
JOAQUIN-ALEJANDRO,M
JOB,M
JOBANI,M
JOCELYN,M
JOCIAN,M
JOCKSAN,M
JOCSAN,M
JOE,M
JOEL,M
JOEY,M
JOHAKIN,M
JOHAN,M
JOHÁN,M
JOHANAN,M
JOHANI,M
JOHANN,M
JOHANNS,M
JOHANNY,M
JOHANPIERRE,M
JOHANS,M
JOHANY,M
JOHAO,M
JOHAQUIN,M
JOHAQUÍN,M
JOHEL,M
JOHN,M
JOHNERICK,M
JOHNN,M
JOHNNY,M
JOHONNY,M
JOHRY,M
JOHSEP,M
JOHUSSE,M
JOJAN,M
JOMAIKEL,M
JOMAR,M
JON,M
JONAH,M
JONAN,M
JONAS,M
JONÁS,M
JONATAN,M
JONATHAN,M
JONATHÁN,M
JONH,M
JONHATAN,M
JONHSEY,M
JONNATHAN,M
JONNY,M
JOOM,M
JOON,M
JOPSAN,M
JORDAN,M
JORDÁN,M
JORDANO,M
JORDANY,M
JORDHAN,M
JORDI,M
JORDY,M
JORGE,M
JORGEANDRÉS,M
JORGIO,M
JORLAN,M
JORY,M
JOSADAC,M
JOSAFAT,M
JOSCHUA,M
JOSE,M
JOSÉ,M
JOSÈ,M
JÓSE,M
JOSEFH,M
JOSEIGNACIO,M
JOSÉ-IGNACIO,M
JOSELITO,M
JOSELUIS,M
JOSE-LUIS,M
JOSÉLUIS,M
JOSEMANUEL,M
JOSEMARIA,M
JOSEMARÍA,M
JOSEP,M
JOSE-PABLO,M
JOSÉ-PABLO,M
JOSEPH,M
JOSEPHE,M
JOSEP-MANEL,M
JOSEPTH,M
JOSETH,M
JOSETOMAS,M
JOSE-TOMAS,M
JOSETOMÁS,M
JOSÉ-TOMÁS,M
JOSHE,M
JOSHEAN,M
JOSHEP,M
JOSHET,M
JOSHUA,M
JOSHÚA,M
JOSHUAR,M
JOSHUARS,M
JOSHUE,M
JOSHUÉ,M
JOSHYEL,M
JOSIAS,M
JOSÍAS,M
JOSIP,M
JOSKO,M
JOSSEFF,M
JOSSEP,M
JOSSIAN,M
JOSTHIN,M
JOSTHYN,M
JOSTIN,M
JOSUAR,M
JOSUE,M
JOSUÉ,M
JOSUÈ,M
JOSÚE,M
JOUSAN,M
JOUSEFF,M
JOVANI,M
JOVANNY,M
JOVANY,M
JOWEL,M
JOZES,M
JUAKIN,M
JUAN,M
JUAN-ALONSO,M
JUANCARLOS,M
JUAN-CARLOS,M
JUAN-CRISTOBAL,M
JUANDAVID,M
JUAN-EMILIO,M
JUAN-FRANCISCO,M
JUANJOSE,M
JUAN-JOSE,M
JUANJOSÉ,M
JUAN-JOSÉ,M
JUANLUIS,M
JUAN-LUIS,M
JUANMARTIN,M
JUAN-MARTIN,M
JUANPABLO,M
JUAN-PABLO,M
JUANPEDRO,M
JUANVICENTE,M
JUAQUIN,M
JUAQUÍN,M
JUCEF,M
JU-HAN,M
JULBERTO,M
JULIAM,M
JULIAN,M
JULIÁN,M
JULIANHY,M
JULIANO,M
JULIEN,M
JULIO,M
JUN,M
JÚN,M
JUNDA,M
JUNIOR,M
JUNXI,M
JUÑIOR,M
JÜRGEN,M
JUSAIF,M
JUSEDH,M
JUSIF,M
JUSSEPE,M
JUSSEPH,M
JUSTIN,M
JUSTÍN,M
JUSTO,M
JUTHIEL,M
JUVENAL,M
KA,M
KAEL,M
KAI,M
KAIKE,M
KAIN,M
KAIRON,M
KAISER,M
KALACHAN,M
KALANI,M
KALASH,M
KALBUQUEO,M
KALEB,M
KALEL,M
KALET,M
KALFU,M
KALLFU,M
KAMÁL,M
KAMIL,M
KAMILO,M
KANGWOO,M
KAREEM,M
KARIM,M
KARIUZ,M
KARLOS,M
KAROL,M
KARU,M
KAU,M
KAY,M
KEAMY,M
KEBIN,M
KEEN,M
KEEVYN,M
KEILED,M
KEINNER,M
KEITH,M
KELBY,M
KELLER,M
KELSHYN,M
KELVIN,M
KEMIUR,M
KENAHY,M
KENAY,M
KENDAL,M
KENDO,M
KENDRICK,M
KENÉK,M
KENET,M
KENNETH,M
KENNY,M
KENSEL,M
KENYON,M
KERRY-CLEF,M
KERWIN,M
KETI'I,M
KEU,M
KEVEN,M
KEVIN,M
KEVINN,M
KEVYN,M
KEVYNN,M
KEYDAN,M
KEYDEN,M
KEYLAN,M
KEYLEATH,M
KEYLETH,M
KEYTAN,M
KEYTON,M
KHAEL,M
KHALED,M
KHALIL,M
KHATAB,M
KHAYLAN,M
KHENDALL,M
KHRISS,M
KHRISTIAN,M
KHRIZ,M
KIAN,M
KILLIAN,M
KILLYAN,M
KIM,M
KIMANY,M
KIMUN,M
KING,M
KIUNO,M
KLARENTS,M
KLAUDIO,M
KLAUS,M
KLEBER,M
KOAHIRO,M
KOHEN,M
KOKÉB,M
KONNA,M
KRHIZ,M
KRIAN,M
KRIS,M
KRISHLER,M
KRISS,M
KRISTHOFER,M
KRISTIAN,M
KRISTOBAL,M
KRISTÓBAL,M
KRISTOFFER,M
KRISTOPHER,M
KRIZTIAN,M
KUNIYOSHI,M
KUNTURI,M
KUO-CHEN,M
KURT,M
KYAN,M
KYLE,M
KYLIAN,M
KYMANI,M
KYMANIE,M
LÁION,M
LANCELOTT,M
LANDER,M
LANDON,M
LARRISON,M
LAURENCE,M
LAUTARO,M
LAYONEL,M
LAYTOR,M
LAZARO,M
LÁZARO,M
LEAN,M
LEANDER,M
LEANDRO,M
LEBNY,M
LEE,M
LEFTARO,M
LEMUEL,M
LENIN,M
LENNER,M
LENNY,M
LENNYN,M
LENNYX,M
LEO,M
LEODAN,M
LEOJANDRO,M
LEOMAR,M
LEON,M
LEÓN,M
LÉON,M
LEONARD,M
LEONARDO,M
LEONEDICK,M
LEONEL,M
LEONELL,M
LEONIDAS,M
LEÓNIDAS,M
LEONNEL,M
LEOPOLDO,M
LERIN,M
LEROY,M
LESTAT,M
LESTTER,M
LEVI,M
LEWIS,M
LEYDAN,M
LEYTON,M
LHIAM,M
LHION,M
LIAM,M
LÍAM,M
LIAN,M
LIÁN,M
LIANG,M
LIANN,M
LIANS,M
LIENAD,M
LIENTUR,M
LIFKO,M
LIFTUI,M
LIGIENTRAL,M
LIHAN,M
LIKAN,M
LINCOLN,M
LINCOYAN,M
LINCOYÁN,M
LINKOYAM,M
LINKOYAN,M
LINO,M
LION,M
LIONEL,M
LISANDRO,M
LISTHER,M
LIWEN,M
LIZANDRO,M
LIZARDO,M
LJUBAN,M
LLIFEN,M
LLOAI,M
LOGAN,M
LON,M
LONG,M
LORENSO,M
LORENZO,M
LOUIS,M
LOUKA,M
LUAN,M
LUCA,M
LUCAS,M
LUCCA,M
LUCCAS,M
LUCCIANNO,M
LUCCIANO,M
LUCCIO,M
LUCENZO,M
LUCIAN,M
LUCÍAN,M
LUCIANO,M
LUCIEN,M
LUCIO,M
LUCK,M
LUCKAS,M
LUDWIG,M
LUDWING'S,M
LUGHÁN,M
LUIAN,M
LUIS,M
LUÍS,M
LUISÁNGEL,M
LUISFELIPE,M
LUIS-FELIPE,M
LUISGUILLERMO,M
LUISSY,M
LUIZ,M
LUKA,M
LUKAAS,M
LUKAS,M
LUSIANO,M
LUTHER,M
LÚY,M
LUYAN,M
LXCAS,M
LYAM,M
LYAN,M
LYANN,M
LYKAN,M
LYN,M
LYON,M
LYON'L,M
LYSANDER,M
MA'ARANUI,M
MACKNELLY,M
MACXIMILIANO,M
MAEL,M
MAGALLANES,M
MAGDIEL,M
MAGDYEL,M
MAGLIO,M
MAGNO,M
MAHER,M
MAHIKOL,M
MAHO,M
MAICER,M
MAICK,M
MAICKEL,M
MAICKOL,M
MAICKOLL,M
MAICOL,M
MAICOOL,M
MAIKEL,M
MAIKOL,M
MAIRON,M
MAJD,M
MALCOM,M
MALCON,M
MALIK,M
MALKI,M
MALLKU,M
MALTE,M
MANA,M
MANASÉS,M
MANFRED,M
MANKE,M
MANOEL,M
MANOLO,M
MANSO,M
MANU,M
MANÚ,M
MANUEL,M
MANUEL-IGNACIO,M
MAÑIL,M
MAÑKE,M
MARC,M
MARCEL,M
MARCELL,M
MARCELLO,M
MARCELO,M
MARCIAL,M
MARCK,M
MARCO,M
MARCOS,M
MARCUS,M
MARIANO,M
MARIO,M
MÁRIO,M
MARK,M
MARKO,M
MARKOS,M
MARKUS,M
MARLEN,M
MARLON,M
MARTHIN,M
MARTHÍN,M
MARTHYN,M
MARTÍ,M
MARTIN,M
MARTÍN,M
MÁRTIN,M
MARTIN-ALONSO,M
MARTIN-IGNACIO,M
MARTINO,M
MARTTÍN,M
MARTYN,M
MARUAN,M
MARVIN,M
MARWAN,M
MARX,M
MASSIMILIANO,M
MASSIMO,M
MÁSSIMO,M
MATEO,M
MATÉO,M
MATEUSZ,M
MATHEO,M
MATHEUS,M
MATHIA,M
MATHIAS,M
MATHÍAS,M
MATHÌAS,M
MATHIAZ,M
MATHIEU,M
MATHYAN,M
MATHYAS,M
MATIA,M
MATIAS,M
MATÍAS,M
MATÌAS,M
MATIAZ,M
MATTEO,M
MATTHEW,M
MATTHEWS,M
MATTHIAS,M
MATTHIU,M
MATTIA,M
MATTIAS,M
MATTS,M
MATU,M
MATYAS,M
MAURI,M
MAURICE,M
MAURICIO,M
MAURIZIO,M
MAURO,M
MAVERICK,M
MAX,M
MAXCIMO,M
MAXI,M
MAXIM,M
MAXIMILIAN,M
MAXIMILÍAN,M
MAXIMILIANNO,M
MAXIMILIANO,M
MAXIMILIEN,M
MAXIMO,M
MÁXIMO,M
MÀXIMO,M
MAXIMU,M
MAXIMUS,M
MÁXIMUS,M
MAXS,M
MAXX,M
MAYCCOL,M
MAYCKEL,M
MAYCKOL,M
MAYCO,M
MAYCOL,M
MAYKEL,M
MAYKELL,M
MAYKOL,M
MAYLON,M
MAYRON,M
MEDHANE,M
MEHUJAEL,M
MELIÁN,M
MENELIK,M
MESIAS,M
MESUT,M
MICAEL,M
MICAIAS,M
MICHAEL,M
MICHEL,M
MICHELE,M
MICHELL,M
MICHELY,M
MIGEL,M
MIGENDÉ,M
MIGUEL,M
MIGUEL-AMARO,M
MIGUELANGEL,M
MIGUELÁNGEL,M
MIJAEL,M
MIJAIL,M
MIKA,M
MIKAEL,M
MIKE,M
MIKEL,M
MIKELL,M
MIKHAIL,M
MILAN,M
MILÁN,M
MILENCKO,M
MILENCO,M
MILENKO,M
MILER,M
MILHEM,M
MILIAN,M
MILIO,M
MILKO,M
MILKOS,M
MILLER,M
MILO,M
MILOBAN,M
MILOBANN,M
MILOVAN,M
MILOVÁN,M
MÍLOVAN,M
MILTON,M
MINORU,M
MIQUEAS,M
MIQUEAZ,M
MIQUEL,M
MIQUELLE,M
MIRKO,M
MIROSLAV,M
MÍROSLAV,M
MIRSON,M
MIRU,M
MISAEL,M
MISSAEL,M
MITCHAEL,M
MITCHEL,M
MIZAEL,M
MOHAMED,M
MOHAMMAD,M
MOHAMMED,M
MOHANAD,M
MOHNISH,M
MOISES,M
MOISÉS,M
MOISETH,M
MORICE,M
MORÍTZ,M
MORONI,M
MORRISON,M
MOSHE,M
MOUSSA,M
MUHAMMAD,M
MUSTAFA,M
MYLOVAN,M
MYO,M
NABIH,M
NACOR,M
NACZON,M
NADDIR,M
NADIAN,M
NADIM,M
NADUAM,M
NADUAN,M
NADUEL,M
NAEL,M
NAHIA,M
NAHIL,M
NAHIM,M
NAHIR,M
NAHUEL,M
NAHUM,M
NAHYR,M
NAIL,M
NAIM,M
NAIN,M
NAIR,M
NAMIR,M
NARREN,M
NASHIR,M
NASSIB,M
NATAHEL,M
NATÁN,M
NATANAEL,M
NATANIEL,M
NATHAN,M
NATHANAEL,M
NATHANIAL,M
NATHANIEL,M
NATHIAN,M
NÁTHIAN,M
NATIAN,M
NATLYAN,M
NATRIAN,M
NATSU,M
NATTANIEL,M
NAVENSON,M
NAVIT,M
NAVOR,M
NAWE,M
NAWEL,M
NAYIB,M
NAYLLEL,M
NAYMAR,M
NAZAEL,M
NAZIR,M
NEFTALÍ,M
NEHEMIAS,M
NEHEMÍAS,M
NEHEMÌAS,M
NEHUEL,M
NEHUÉN,M
NEIL,M
NÉIL,M
NEILMAR,M
NEITHAN,M
NEIZAN,M
NELSON,M
NELSÓN,M
NEMECIO,M
NERYALLI,M
NESANET,M
NÉSTOR,M
NETHAN,M
NETHANEL,M
NEVAN,M
NEWEN,M
NEWÉN,M
NEWENCO,M
NEWENKURA,M
NEYDAN,M
NEYÉN,M
NEYLMAR,M
NEYMAR,M
NEYTAN,M
NEYTHAN,M
NEYTHEN,M
NEZARETH,M
NGAKAU,M
NIBALDO,M
NICANOR,M
NICHITA,M
NICHOLAS,M
NICK,M
NICKOLAS,M
NÍCKOLAS,M
NICO,M
NICOLA,M
NICOLAGUSTIN,M
NICOLAS,M
NICOLÁS,M
NÍCOLAS,M
NIDER,M
NIDHUVAN,M
NIELS,M
NIELSEN,M
NIELSON,M
NIGEL,M
NIGELL,M
NIJASH,M
NIKHOLAS,M
NIKKO,M
NIKOLA,M
NIKOLAS,M
NIKOLÁS,M
NIKOLAY,M
NIKOS,M
NIKS,M
NILK,M
NILLMAR,M
NILS,M
NILSON,M
NILTON,M
NILZ,M
NIRAKULA,M
NISTAL,M
NITAY,M
NITTETSU,M
NIV,M
NIVALDO,M
NIVARDO,M
NIXON,M
NIXSAN,M
NOAH,M
NOAJ,M
NOAM,M
NOÉ,M
NOEL,M
NOHAN,M
NOLAN,M
NOLBERTO,M
NORMAN,M
NOVAK,M
NUMA,M
NYCOLAS,M
NYGEEL,M
NYLAN,M
OBADA,M
OBED,M
OCIEL,M
OCTAVIO,M
ODED,M
OFIR,M
OIRHAM,M
OLEG,M
OLEJ,M
OLEXIS,M
OLIVER,M
OLIVERIO,M
OLMEDO,M
OMAR,M
OMEL,M
ONIX,M
OREKO,M
ORIEL,M
ORION,M
ORLANDO,M
ORLEX,M
ORRI,M
OSCAR,M
ÓSCAR,M
OSCIEL,M
OSÍAS,M
OSKAR,M
OSMAN,M
OSMÁN,M
ÓSMAN,M
OSMAR,M
OSSIEL,M
OSSTIN,M
OSSTYN,M
OSTIN,M
OSTYN,M
OSVALDO,M
OSVIN,M
OSWALD,M
OSWALDO,M
OSWIN,M
OTONIEL,M
OTTO,M
OVIDIO,M
OWEEN,M
OWEN,M
OWUEN,M
OXCIEL,M
OXIEL,M
OZIEL,M
PABLINO,M
PABLO,M
PABLOALONSO,M
PAKY,M
PAOLO,M
PARIS,M
PARÍS,M
PÁRIS,M
PÀRIS,M
PASCAL,M
PASCUAL,M
PATIRI,M
PATRICH,M
PATRICIO,M
PATRICK,M
PATRIK,M
PATRIX,M
PAU,M
PAUL,M
PAULO,M
PAVEL,M
PÁVEL,M
PEDRO,M
PEDROALONSO,M
PELAYO,M
PERCY,M
PETER,M
PETRE,M
PHIERO,M
PHILIP,M
PHILIPE,M
PHILIPPE,M
PHILIPPS,M
PHILIPS,M
PHILLHIP,M
PHILLIP,M
PHILLIPE,M
PHILLIPH,M
PHILLIPP,M
PHILLIPPE,M
PHILLIPS,M
PIER,M
PIERE,M
PIERO,M
PIERRE,M
PIERRIE,M
PIETRO,M
PIHERO,M
PITER,M
POLICARPIO,M
POLO,M
POOL,M
PRINCE,M
PRINCIPE,M
PRYNCE,M
QIANG,M
QUENDRO,M
QUETZAL,M
QUIMEY,M
QUINTEN,M
RAFAEL,M
RAGHUNANDANA,M
RAHI,M
RAÍ,M
RAIMUNDO,M
RAINER,M
RALPH,M
RAMIRO,M
RAMÓN,M
RAMSES,M
RANDHY,M
RANDY,M
RAOUL,M
RAPHAEL,M
RAPHAËL,M
RAUL,M
RAÚL,M
RAYKO,M
RAYMOND,M
RAYNER,M
RAYO,M
RAYYAN,M
RAZIEL,M
REEISSE,M
REGINALD,M
REIMON,M
REIMUNDO,M
REINALDO,M
REINHOLD,M
REINIER,M
REIZHI,M
RELMU,M
REMIGIO,M
REMY,M
RENATHO,M
RENATO,M
RENATO-ELÍAS,M
RENATO-LEON,M
RENATTO,M
RENE,M
RENÉ,M
RENEE,M
RENEÉ,M
RENÉIGNACIO,M
RENZO,M
REYMI,M
REYMOND,M
REYMUNDO,M
REYNALDO,M
RHANNDY,M
RHÓMAN,M
RIAD,M
RICARDO,M
RICCARDO,M
RICHAR,M
RICHARD,M
RICHARDS,M
RICHART,M
RICK,M
RICKY,M
RIGOBERTO,M
RIMBER,M
RIOMAR,M
RIU,M
RIVAUL,M
RIZWAN,M
ROBER,M
ROBERSON,M
ROBERT,M
ROBERTH,M
ROBERTO,M
ROBERTT,M
ROBIN,M
ROBINHO,M
ROBINSON,M
ROD,M
RODERICK,M
RODNEY,M
RODOLFO,M
RODOLPHE,M
RODRIGO,M
RODY,M
ROGEL,M
ROGELIO,M
ROGER,M
ROGERS,M
ROHYS,M
ROI,M
ROLAN,M
ROLAND,M
ROLANDO,M
ROLENS,M
ROLF,M
ROMAN,M
ROMÁN,M
ROMANO,M
ROMEL,M
ROMEO,M
ROMMEL,M
RONAL,M
RONALD,M
RONALDIÑO,M
RONALDO,M
RONAN,M
RONNIE,M
RONNY,M
ROOSBELTH,M
ROQUE,M
ROSSELL,M
ROTCE,M
ROY,M
ROYSE,M
ROYSES,M
RUBEL,M
RUBEN,M
RUBÉN,M
RUBENEMILIO,M
RUBENS,M
RUBIEL,M
RUCIO,M
RUDOLF,M
RUDOLPH,M
RUDY,M
RUEL,M
RUI,M
RUIYU,M
RYAN,M
RYO,M
RYU,M
RYUJIN,M
RYUNOSUKE,M
SABIER,M
SABIN,M
SADAN,M
SADEK,M
SADRAC,M
SADY,M
SAHEL,M
SAHID,M
SAHÍD,M
SAHIR,M
SAHYD,M
SAIAM,M
SAID,M
SAÍD,M
SAIF,M
SAIID,M
SAIL,M
SAIMON,M
SAIR,M
SAIRI,M
SALEH,M
SALOMON,M
SALOMÓN,M
SALVADOR,M
SAMAEL,M
SAMEER,M
SAMER,M
SAMI,M
SAMIR,M
SAMUEL,M
SAMYR,M
SANDERS,M
SANDOR,M
SANDRO,M
SANTHIAGO,M
SANTI,M
SANTIAGO,M
SANTINNO,M
SANTINO,M
SANTOS,M
SANTYNO,M
SASHA,M
SAUL,M
SAÚL,M
SAYMON,M
SCOOTT,M
SEAN,M
SEAN-PAUL,M
SEBASTIAN,M
SEBASTIÁN,M
SEBASTÍAN,M
SEBÁSTIAN,M
SEBASTIAN-XAVIER,M
SEBASTIEN,M
SEBASTTIÁN,M
SEBAZTYAN,M
SEBBÁSTIAN,M
SEGUNDO,M
SERENGETI,M
SERGIO,M
SET,M
SHAHRUKH,M
SHAIR,M
SHANDE,M
SHELBY,M
SHENG,M
SHESY,M
SHIMON,M
SHING,M
SHMUEL,M
SHOU,M
SHUN,M
SIEGFRIED,M
SIGIFREDO,M
SILVANO,M
SILVESTRE,M
SILVINO,M
SILVIO,M
SIMBAT,M
SIMJA,M
SIMON,M
SIMÓN,M
SIMONE,M
SIRIO,M
SIUKÓ,M
SIXTO,M
SLAVIAN,M
SLEIMAN,M
SONGHUA,M
SONGJUH,M
SQUADY,M
SRDJAN,M
STANLEY,M
STEEVENS,M
STEFAN,M
STEFANO,M
STÉFANO,M
STEFHANO,M
STEFKO,M
STEPHAN,M
STEPHANE,M
STEPHANO,M
STEPHEN,M
STEVAN,M
STEVE,M
STEVEN,M
STEVENS,M
STHEEBEN,M
STHEFANO,M
STHYBEN,M
STHYV,M
STIVEN,M
STIVENS,M
STYVEN,M
SU,M
SUCRE,M
SULE,M
SURINDER,M
SURYA,M
SVEN,M
TADASHI,M
TADEO,M
TAHAROA,M
TAHIEL,M
TAHIEN,M
TAHIR,M
TAHYLER,M
TAIO,M
TALHA,M
TAMAITI,M
TANE,M
TANGAROA,M
TAO,M
TAREK,M
TARKAN,M
TARKI,M
TAUFIK,M
TAYHIEL,M
TAYLOR,M
TAYRON,M
TEDD,M
TEDDY,M
TELMO,M
TEO,M
TEODORO,M
TEÓFILO,M
TEROU,M
TEYLOR,M
THAMER,M
THAYLER,M
THEO,M
THÉO,M
THEODORE,M
THIAGO,M
THIAN,M
THOMAS,M
THOMÁS,M
THOMÀS,M
THÓMAS,M
THOMY,M
THORSTEN,M
THYAGO,M
TIAGO,M
TIAN,M
TIHAGO,M
TIL,M
TIM,M
TIMANA,M
TIMOTEO,M
TIMOTHÉE,M
TIMOTHEUS,M
TIRSON,M
TITO,M
TIZIANO,M
TOBIAS,M
TOBÍAS,M
TOMAS,M
TOMÁS,M
TOMÀS,M
TOMAZ,M
TOMMY,M
TOMOHISA,M
TOMY,M
TRALCAN,M
TRISTAN,M
TRISTÁN,M
TRISTTÁN,M
TUKSAN,M
TYLER,M
UKU,M
ULISES,M
ULRICH,M
ULYSSES,M
URI,M
URIEL,M
UZIEL,M
VAIRO,M
VAIRON,M
VALENTIN,M
VALENTÍN,M
VALENTINO,M
VAN,M
VANGELIS,M
VASCO,M
VASILI,M
VASKO,M
VEGERSON,M
VENTURA,M
VIANKO,M
VICENT,M
VICENTE,M
VÍCENTE,M
VICENTHE,M
VICENTTE,M
VICENZO,M
VICTOR,M
VÍCTOR,M
VICTORINO,M
VICTTOR,M
VIDAL,M
VIKTOR,M
VILKAS,M
VINCEN,M
VINCENT,M
VINCENTH,M
VINCENZO,M
VINEETH,M
VINICIO,M
VINÍCIUS,M
VINTCENT,M
VIRGILIO,M
VITORIO,M
VITTORIO,M
VIVAAN,M
VLADIMIR,M
VLAS,M
VOIDELET,M
VYNCENT,M
WAIRON,M
WALDO,M
WALTER,M
WASHINGTON,M
WEI,M
WEIHAN,M
WEIKANG,M
WENCESLAO,M
WENTE,M
WENXUAN,M
WERNER,M
WILDER,M
WILDRAN,M
WILFREDO,M
WILIAM,M
WILLIAM,M
WILLIAMS,M
WILLIAMSON,M
WILLIAN,M
WILLIANS,M
WILLY,M
WILLYAM'S,M
WILMER,M
WILSON,M
WINIER,M
WINSTON,M
WITTER,M
WLAD,M
WLADIMIR,M
WUBIER,M
WUILIHAMTS,M
WUILLIAM,M
WUILLIAMS,M
WUILLIANS,M
WUILMOR,M
WUILSÓN,M
WYRON,M
XABI,M
XANDER,M
XAVIER,M
XIAO,M
XIAOLONG,M
XOJAAN,M
YAACOV,M
YACIER,M
YADIEL,M
YADIER,M
YADIR,M
YAEL,M
YAFIR,M
YAHEL,M
YAHID,M
YAHIR,M
YAIL,M
YAIR,M
YAIRO,M
YAIRON,M
YAJHAT,M
YAJUR,M
YAKIM,M
YAMIL,M
YAMIR,M
YAMMIR,M
YAMPIEL,M
YAMPIER,M
YAMPOL,M
YAN,M
YANCELL,M
YANCO,M
YANDEL,M
YANDRY,M
YANG,M
YANGELO,M
YANKO,M
YANKOC,M
YANLANG,M
YANLUI,M
YANN,M
Y'ANN,M
YANNIEL,M
YANSEN,M
YARED,M
YAREL,M
YARID,M
YARIEL,M
YAROSLAV,M
YASCIELL,M
YASER,M
YASIR,M
YASMIR,M
YASSELL,M
YASSER,M
YASSÉR,M
YASSIER,M
YASSIR,M
YASTHIN,M
YASTIN,M
YAURI,M
YAXIER,M
YAZID,M
YECID,M
YEFERSON,M
YEFRY,M
YEHIDEN,M
YEHONATHAN,M
YEICKO,M
YEICKOB,M
YEICO,M
YEICOB,M
YEICOPH,M
YEICOT,M
YEIDCKOL,M
YEIDEEN,M
YEIDEN,M
YEIK,M
YEIKCOB,M
YEIKO,M
YEIKOB,M
YEIMIR,M
YEINZ,M
YEIRI,M
YEISON,M
YEITZON,M
YENDARO,M
YENNS,M
YERAL,M
YERALD,M
YERAY,M
YEREMHY,M
YEREMI,M
YEREMY,M
YERHAL,M
YERI,M
YERIAN,M
YERIC,M
YERICK,M
YERIEL,M
YERIK,M
YÉRIK,M
YERIL,M
YERIMEN,M
YERKO,M
YERON,M
YERSON,M
YERY,M
YESHÚA,M
YEYCO,M
YHADIEL,M
YHADIER,M
YHAIR,M
YHAN,M
YHANN,M
YHANS,M
YHEISON,M
YHILBERTO,M
YHOEL,M
YHOHÁN,M
YHOJAN,M
YHOSUAN,M
YHULIANO,M
YHUSEF,M
YI,M
YIAN,M
YIDIANNO,M
YIHONG,M
YILIN,M
YINO,M
YIOJAN,M
YIOVANNI,M
YITZHAK,M
YLIET,M
YLIETH,M
YOAN,M
YOANN,M
YOBANNY,M
YOBANY,M
YOCHUA,M
YOCKSSAN,M
YOCSAN,M
YOCZUET,M
YODJA,M
YOEL,M
YOÉL,M
YOGEV,M
YOHAN,M
YOHANDRY,M
YOHANI,M
YOHANN,M
YOHANNS,M
YOHANNY,M
YOHANS,M
YOHANY,M
YOHAZIEL,M
YOHEEL,M
YOHEL,M
YOHN,M
YOHNNI,M
YOHUSER,M
YOJAHN,M
YOJAN,M
YOJANS,M
YOJHAN,M
YOJHANS,M
YOJHARY,M
YOKSIAN,M
YON,M
YONATAN,M
YONATHAN,M
YONG,M
YONNI,M
YONS,M
YONY,M
YORBYN,M
YORDAN,M
YORDANO,M
YORDI,M
YORIAN,M
YORK,M
YORMAN,M
YORYE,M
YORYI,M
YOSCHUA,M
YOSEF,M
YOSEHP,M
YOSEMAR,M
YOSEPH,M
YOSHUA,M
YOSIAS,M
YOSSEP,M
YOSSIEL,M
YOSSUE,M
YOSTHIEL,M
YOSTIN,M
YOSUE,M
YOSUÉ,M
YOSVANNI,M
YOUSSEF,M
YOVAN,M
YOVANI,M
YOVANNI,M
YOVANY,M
YOXAN,M
YSAAC,M
YSAIAS,M
YTALO,M
YTAM,M
YU,M
YUHENG,M
YULIAN,M
YULIÁN,M
YÚLIAN,M
YULIANNO,M
YULIANO,M
YUNLONG,M
YURI,M
YURIY,M
YUSEFF,M
YUSEI,M
YUSHIN,M
YUSSEF,M
YUSSEY,M
YUXUAN,M
YVAN,M
YVERSON,M
ZABDIEL,M
ZACK,M
ZADOK,M
ZAHER,M
ZAHID,M
ZAHIR,M
ZAID,M
ZAIR,M
ZAKK,M
ZAM,M
ZAMIR,M
ZARKO,M
ZECARLOS,M
ZEREK,M
ZETTA,M
ZHENG,M
ZHI,M
ZHUOHENG,M
ZIAN,M
ZICO,M
ZIDANE,M
ZLATAN,M
ZOHAIB,M
ZUCRE,M
ZUHAIR,M
ZYHÚ,M
