NOMBRE,OCURRE
"JOSE","3519"
"JUAN","1809"
"LUIS","1670"
"MANUEL","1290"
"ANTONIO","1226"
"JESUS","1178"
"CARLOS","1178"
"FRANCISCO","1147"
"ALBERTO","930"
"JORGE","906"
"MIGUEL","886"
"ANGEL","870"
"JAVIER","837"
"ALEJANDRO","693"
"ENRIQUE","617"
"VICTOR","593"
"ARTURO","546"
"CESAR","544"
"FERNANDO","534"
"PEDRO","514"
"MARTIN","504"
"ROBERTO","478"
"EDUARDO","469"
"MARIO","450"
"ARMANDO","442"
"SERGIO","423"
"RAUL","419"
"ALFREDO","413"
"RAFAEL","409"
"RICARDO","408"
"HECTOR","396"
"OSCAR","393"
"GERARDO","381"
"DAVID","376"
"DANIEL","372"
"HUGO","345"
"JAIME","320"
"JULIO","319"
"RUBEN","318"
"RAMON","307"
"MARCO","298"
"GABRIEL","296"
"EDGAR","296"
"GUADALUPE","288"
"ALFONSO","271"
"GUILLERMO","270"
"SALVADOR","261"
"OMAR","258"
"IVAN","256"
"HUMBERTO","249"
"FELIPE","247"
"ERNESTO","237"
"PABLO","234"
"IGNACIO","232"
"GUSTAVO","202"
"ANDRES","196"
"ADRIAN","192"
"JOEL","183"
"AGUSTIN","183"
"RODOLFO","180"
"GILBERTO","179"
"ROGELIO","169"
"RENE","165"
"TOMAS","161"
"SAUL","158"
"ISRAEL","156"
"OCTAVIO","146"
"VICENTE","145"
"NOE","144"
"GREGORIO","132"
"ISMAEL","131"
"NICOLAS","125"
"BENJAMIN","122"
"MOISES","121"
"SANTIAGO","118"
"EFRAIN","118"
"ALONSO","117"
"ABEL","114"
"JOSE DE JESUS","113"
"ALVARO","113"
"FELIX","110"
"MARCOS","109"
"ADOLFO","109"
"RODRIGO","107"
"RAMIRO","104"
"SAMUEL","104"
"JOAQUIN","104"
"ABRAHAM","103"
"ESTEBAN","103"
"ULISES","102"
"RAYMUNDO","100"
"FIDEL","97"
"LORENZO","94"
"GERMAN","92"
"MAURICIO","91"
"LEONARDO","90"
"JOSUE","89"
"EMMANUEL","88"
"JULIAN","88"
"SANTOS","86"
"ROMAN","85"
"CRUZ","84"
"DOMINGO","83"
"BERNARDO","83"
"EMILIO","82"
"ISIDRO","82"
"FELIPE DE JESUS","80"
"AURELIO","79"
"DIEGO","79"
"FEDERICO","79"
"GONZALO","79"
"RIGOBERTO","78"
"BENITO","77"
"MARIA","76"
"ISAAC","76"
"ADAN","71"
"GENARO","71"
"ELIAS","70"
"AARON","70"
"ORLANDO","70"
"LEONEL","69"
"EFREN","68"
"ISAIAS","67"
"HERIBERTO","65"
"ROLANDO","63"
"HORACIO","61"
"FABIAN","60"
"REYNALDO","60"
"EUGENIO","59"
"TRINIDAD","58"
"MARCELINO","56"
"URIEL","56"
"AUGUSTO","56"
"ELEAZAR","54"
"EDMUNDO","54"
"ERICK","52"
"ERIK","52"
"EZEQUIEL","51"
"REYES","51"
"FERMIN","51"
"CHRISTIAN","50"
"MARGARITO","50"
"NESTOR","50"
"VALENTIN","49"
"LEOPOLDO","49"
"ELOY","48"
"CUAUHTEMOC","48"
"EVERARDO","47"
"ARNULFO","47"
"LUCIO","47"
"ARIEL","46"
"DARIO","46"
"DELFINO","46"
"FLORENCIO","45"
"EUSEBIO","45"
"FAUSTINO","45"
"ELISEO","44"
"OSWALDO","44"
"AMADO","43"
"LEOBARDO","43"
"ARTEMIO","43"
"MISAEL","42"
"NORBERTO","42"
"MANUEL DE JESUS","42"
"ADALBERTO","41"
"MARIANO","40"
"HILARIO","40"
"CRISTOBAL","39"
"FILIBERTO","39"
"SALOMON","38"
"NOEL","38"
"ALDO","38"
"LAZARO","38"
"PASCUAL","38"
"MAURO","37"
"EDGARDO","37"
"MARCELO","37"
"FAUSTO","37"
"HOMERO","36"
"JONATHAN","36"
"ERIC","36"
"CARMEN","36"
"SIMON","35"
"VLADIMIR","35"
"ABELARDO","35"
"ERASMO","35"
"CLEMENTE","35"
"SEBASTIAN","34"
"MAXIMINO","34"
"OSVALDO","34"
"PORFIRIO","34"
"FELICIANO","34"
"ISABEL","34"
"FLORENTINO","33"
"CLAUDIO","33"
"SILVESTRE","33"
"HIPOLITO","32"
"JACINTO","32"
"LUCIANO","32"
"DEMETRIO","32"
"APOLINAR","32"
"JUSTINO","32"
"CRISTIAN","32"
"JUAN DE DIOS","32"
"CIRILO","31"
"REY","31"
"ALAN","31"
"UBALDO","30"
"BALTAZAR","30"
"DAMIAN","30"
"HERNAN","30"
"MODESTO","30"
"ANSELMO","29"
"FREDY","29"
"CANDIDO","29"
"GILDARDO","29"
"CONSTANTINO","29"
"ROSARIO","29"
"BERNABE","29"
"GABINO","29"
"CECILIO","28"
"REFUGIO","28"
"CANDELARIO","27"
"EDWIN","27"
"ROSENDO","27"
"GAMALIEL","27"
"ROGER","27"
"EVARISTO","27"
"MATEO","27"
"VIRGILIO","27"
"ELIGIO","26"
"LENIN","26"
"EMILIANO","25"
"PATRICIO","25"
"AURELIANO","25"
"JUVENTINO","24"
"TEODORO","24"
"CONCEPCION","24"
"JERONIMO","24"
"JACOBO","24"
"ARISTEO","24"
"ROSALIO","23"
"DAGOBERTO","23"
"MILTON","23"
"ARNOLDO","23"
"SABINO","23"
"WILBERT","23"
"BERNARDINO","23"
"MAXIMO","22"
"FORTINO","22"
