Nombre,Column12
ABBIE,F
ABBY,F
ABBY-ENGEL,F
ABHIE,F
ABI,F
ABIGAIL,F
ABIGAÍL,F
ABIGAYL,F
ABISAG,F
ABRIELLE,F
ABRIL,F
ABY,F
ABYGAIL,F
ACHELEY,F
ACHLEY,F
ACHLI,F
ACSA,F
ADA,F
ADAHIA,F
ADAIA,F
ADAILY,F
ADALÍA,F
ADALID,F
ADALIS,F
ADALÍS,F
ADALIZ,F
ADALUZ,F
ADAMARIS,F
ÁDAMI,F
ADANAÍ,F
ADANARIS,F
ADANAY,F
ADANAYS,F
ADARA,F
ADASME,F
ADDY,F
ADEL,F
ADELA,F
ADELE,F
ADELEHIZ,F
ADELEYN,F
ADELIE,F
ADELINA,F
ADELINE,F
ADELIS,F
ADELLE,F
ADERLING,F
ADERLYN,F
ADHARA,F
ADI,F
ADINA,F
ADLIH,F
ADLYN,F
ADMANE,F
ADRIA,F
ADRIANA,F
ADRIELA,F
ADY,F
AEMY,F
AEN,F
AERIS,F
AERYN,F
AFA,F
AGATA,F
ÁGATA,F
AGATHA,F
ÁGATHA,F
AGATTA,F
AGNES,F
AGOSTINA,F
AGUEDA,F
AGUSTHINA,F
AGUSTINA,F
AGUSTÍNA,F
AGUSTINNA,F
AGUSTYNA,F
AHELIN,F
AHIDALY,F
AHILYN,F
AHIME,F
AHINARA,F
AHINOA,F
AHLAM,F
AHLEY,F
AHYLIN,F
AHYMARA,F
AHYNARA,F
AIANNE,F
AICHA,F
AIDA,F
AÍDA,F
AIDY,F
AIELEN,F
AIIN,F
AIKA,F
AIKO,F
AILANY,F
AILED,F
AILEEN,F
AILEN,F
AILÉN,F
AILHEN,F
AILIN,F
AILÍN,F
AILINE,F
AILINNE,F
AILLEN,F
AILLINE,F
AILY,F
AILYN,F
AILYNE,F
AIMAR,F
AIMARA,F
AIME,F
AIMEE,F
AIMÉE,F
AÍMEE,F
AIMI,F
AIMMY,F
AIMY,F
AIN,F
AÍN,F
AINA,F
AINARA,F
AINDRA,F
AINE,F
AINHOA,F
AINNARA,F
AIRA,F
AISHA,F
AISHAH,F
AISLINN,F
AISLY,F
AITANA,F
AITIANA,F
AIXA,F
AKARI,F
AKEMI,F
AKEMY,F
AKEYKO,F
AKIANE,F
AKIRA,F
ALAFNE,F
ALAI,F
ALAIS,F
ALANA,F
ALANI,F
ALANIS,F
ALANÍS,F
ÁLANIS,F
ALANIZ,F
ALANNIS,F
ALANNISS,F
ALANYS,F
ALANYZ,F
ALÁNYZ,F
ALBA,F
ALDANA,F
ALDANNA,F
ALEEAH,F
ALEI,F
ALEJANDRA,F
ALEJANDRINA,F
ALEJHANDRA,F
ALEKSANDRA,F
ALELI,F
ALELÍ,F
ALELIE,F
ALELY,F
ALEMI,F
ALEN,F
ALÉN,F
ALËN,F
ALENA,F
ALENE,F
ALENÍ,F
ALENKA,F
ALENRAY,F
ALESANDRA,F
ALESHKA,F
ALESKA,F
ALESSANDRA,F
ALESSIA,F
ALETH,F
ALEXA,F
ALEXANDRA,F
ALEXERY,F
ALEXIA,F
ALEXKA,F
ALEXS,F
ALEXSA,F
ALEXSANDRA,F
ALEXSIA,F
ALEXXA,F
ALEYDA,F
ALEYNA,F
ALEZA,F
ALEZNA,F
ALFONSINA,F
ALHELÍ,F
ALHELY,F
ALHIA,F
ALIA,F
ALÍA,F
ALIAA,F
ALIANA,F
ALIANNAH,F
ALIBET,F
ALICE,F
ALICIA,F
ALIHA,F
ALIN,F
ALINA,F
ALINE,F
ALINEE,F
ALINNA,F
ALINNE,F
ALINZON,F
ALINZÓN,F
ALIRA,F
ALIS,F
ALISHA,F
ALISON,F
ÁLISON,F
ALISS,F
ALISSA,F
ALISSON,F
ALITZA,F
ALIX,F
ALIXON,F
ALIYAH,F
ALIZ,F
ALIZE,F
ALIZEE,F
ALIZON,F
ALLALET,F
ALLEGRA,F
ALLEN,F
ALLICIA,F
ALLIE,F
ALLINSON,F
ALLIS,F
ALLISON,F
ALLISSON,F
ALLIZON,F
ALLONDRA,F
ALLYCE,F
ALLYSHON,F
ALLYSON,F
ALLYSÓN,F
ALLYSONE,F
ALLYSSON,F
ALMA,F
ALMENDRA,F
ALMIRENA,F
ALMUDENA,F
ALOFPAY,F
ALOIS,F
ALON,F
ALONDRA,F
ALONSA,F
ALOSCA,F
ALOSHCA,F
ALOSHKA,F
ALOSKA,F
ALTAIR,F
ALTAYRA,F
ALUNEY,F
ALYN,F
ALYNE,F
ALYNN,F
ALYNNE,F
ALYS,F
ALYSA,F
ALYSON,F
ALYSÓN,F
ALYSS,F
ALYSSA,F
ÁLYSSA,F
ALYSSE,F
ALYSSON,F
AMABEL,F
AMADA,F
AMADIS,F
AMAGUA,F
AMAHARA,F
AMAHIA,F
AMAIA,F
AMAIRA,F
AMAIRAN,F
AMAJHA,F
AMAL,F
AMALIA,F
AMALY,F
AMALYA,F
AMANCAY,F
AMANDA,F
AMANDHA,F
AMANI,F
AMANISKA,F
AMANKAY,F
AMAPOLA,F
AMAR,F
AMARA,F
AMARAL,F
AMARALIS,F
AMARANTA,F
AMARANTH,F
AMARANTHA,F
AMARAY,F
AMARHELLA,F
AMARILIS,F
AMATISTA,F
AMATYSTA,F
AMAYA,F
AMAYA-LÍA,F
AMBAR,F
ÁMBAR,F
AMBER,F
AMBERLHY,F
AMBHARE,F
AMBRA,F
AMEENA,F
AMEERAN,F
ÁMELI,F
AMELIA,F
AMELIE,F
AMELIÉ,F
AMÉLIE,F
ÁMELIE,F
AMELIETT,F
AMELIZ,F
AMELLIE,F
AMELY,F
AMELYE,F
AMÉRICA,F
AMERIE,F
AMEYAL,F
AMHY,F
AMI,F
AMIEL,F
AMILIE,F
AMILIN,F
AMILY,F
AMIRA,F
AMISADAI,F
AMISADAY,F
AMMAY,F
AMME,F
AMMI,F
AMMY,F
AMORY,F
AMPARO,F
AMY,F
AMYLEE,F
AMYLI,F
AMYLY,F
AMYRA,F
ANA,F
ANABEL,F
ANABELA,F
ANABELLA,F
ANABÌN,F
ANACRISTINA,F
ANAHI,F
ANAHÍ,F
ANAHIEL,F
ANAHIS,F
ANAHÍS,F
ANAHÌS,F
ANAHIS-JADE,F
ANAHIT,F
ANAHIZ,F
ANAHY,F
ANAHYS,F
ANAHY'S,F
ANAI,F
ANAÍ,F
ANAID,F
ANAIIS,F
ANAIS,F
ANAÍS,F
ANAÏS,F
ANAISS,F
ANAÍSS,F
ANAIT,F
ANAIZ,F
ANA-JOSEFA,F
ANALAURA,F
ANALEY,F
ANALHIA,F
ANALI,F
ANALÍ,F
ANALIA,F
ANALÍA,F
ANALIS,F
ANALÚ,F
ANALY,F
ANALYA,F
ANAMAR,F
ANANDA,F
ANANIA,F
ANAPAULA,F
ANARA,F
ANARELA,F
ANASET,F
ANASHLY,F
ANASOFIA,F
ANASOL,F
ANASTACIA,F
ANASTASCIA,F
ANASTASIA,F
ANASTASÌA,F
ANASTASSIA,F
ANASTHACIA,F
ANASTHASIA,F
ANASTTACIA,F
ANAT,F
ANAVET,F
ANAY,F
ANAYELI,F
ANAYELLI,F
ANAYOMI,F
ANAYS,F
ANDELINA,F
ANDREA,F
ANDREINA,F
ANDREYNA,F
ANDRILET,F
ANDRINA,F
ANELEY,F
ANELIESSE,F
ANELIS,F
ANELÍS,F
ANELÌS,F
ANELISSE,F
ANELIZ,F
ANELLYS,F
ANELYS,F
ANESHKA,F
ANESKA,F
ANETTE,F
ANEZKA,F
ANGEL,F
ANGELA,F
ÁNGELA,F
ANGELES,F
ÁNGELES,F
ANGELICA,F
ANGÉLICA,F
ANGELIE,F
ANGELIKE,F
ANGELIN,F
ANGELINA,F
ANGELINE,F
ANGELINNA,F
ANGELIQUE,F
ANGELIZ,F
ANGELLA,F
ANGELLINA,F
ANGELLINE,F
ANGELLY,F
ANGELLYNA,F
ANGELY,F
ANGELYNA,F
ANGER,F
ANGGIE,F
ANGGY,F
ANGHEL,F
ANGHELA,F
ANGHELINA,F
ANGHELY,F
ÁNGHELY,F
ANGHIE,F
ANGHIELA,F
ANGI,F
ANGIE,F
ANGUIE,F
ANGY,F
ANHAIS,F
ANHAÍS,F
ANHELA,F
ANI,F
ANIA,F
ANICIA,F
ANIETT,F
ANIETTE,F
ANIKA,F
ANILEN,F
ANIRIA,F
ANISA,F
ANISKA,F
ANITA,F
ANITZA,F
ANJA,F
ANJALI,F
ANJELA,F
ANJELI,F
ANKU,F
ANLEY,F
ANLLELINA,F
ANLLELY,F
ANLLY,F
ANMARITH,F
ANNA,F
ANNABEL,F
ANNABELLA,F
ANNABELLE,F
ANNABELLY,F
ANNABETH,F
ANNA-DOMINGA,F
ANNAHI,F
ANNAHIS,F
ANNAI,F
ANNAIS,F
ANNAÍS,F
ANNALAURA,F
ANNALY,F
ANNAYS,F
ANNE,F
ANNEKE,F
ANNELI,F
ANNELISE,F
ANNELIZ,F
ANNELYS,F
ANNE-MARIE,F
ANNE-SOPHIE,F
ANNETTE,F
ANNEY,F
ANNIA,F
ANNIE,F
ANNIKA,F
ANNITA,F
ANNY,F
ANNYA,F
ANNYBETH,F
ANOIKA,F
ANOUK,F
ANRRIETHE,F
ANSAR,F
ANSLY,F
ANTANUE,F
ANTARA,F
ANTHONELA,F
ANTHONELLA,F
ANTHONIA,F
ANTHONNIA,F
ANTIA,F
ANTIRAY,F
ANTO,F
ANTOANI,F
ANTON,F
ANTONELA,F
ANTONELLA,F
ANTONHELLA,F
ANTONIA,F
ANTONIETA,F
ANTONIETT,F
ANTONIETTA,F
ANTONNELA,F
ANTONNELLA,F
ANTONNIA,F
ANTTONELLA,F
ANTÚ,F
ANTÜ,F
ANTUAYELEN,F
ANTUMALEN,F
ANUSKA,F
ANUZCA,F
ANY,F
ANYA,F
ANYARA,F
ANYEL,F
ANYELA,F
ANYELEN,F
ANYELI,F
ANYELÍ,F
ANYELÌ,F
ANYELID,F
ANYELIN,F
ANYELINA,F
ANYELLA,F
ANYELY,F
ANYERY,F
ANYI,F
APHENY,F
APOLONIA,F
APRIL,F
ARA,F
ARABELA,F
ARABELLE,F
ARACCELI,F
ARACELI,F
ARACELLI,F
ARACELLY,F
ARACELY,F
ARAÍ,F
ARAIS,F
ARALYS,F
ARAMI,F
ARAMIS,F
ARAMY,F
ARANSAZU,F
ARANSSA,F
ARANTHZA,F
ARANTXA,F
ARANTZA,F
ARANTZAZÚ,F
ARANXA,F
ARANZA,F
ARANZASU,F
ARANZAZU,F
ARASAY,F
ARASELY,F
ARATZA,F
ARAY,F
ARCELIS,F
AREANHA,F
ARELI,F
ARELIS,F
ARELÍS,F
ARELLI,F
ARELLYS,F
ARELY,F
ARELYS,F
ARENAI,F
ARETZU,F
ARI,F
ARIADNA,F
ARIADNE,F
ARIADNETH,F
ARIADNEY,F
ARIADNNA,F
ARIANA,F
ARIANE,F
ARIANNA,F
ARIAPNA,F
ARIAZNA,F
ARIELA,F
ARIELLA,F
ARIELY,F
ARIETTY,F
ARIHANA,F
ARIHANE,F
ARIS,F
ARISA,F
ARISAI,F
ARISH,F
ARITHZEL,F
ARLEHT,F
ARLEN,F
ARLET,F
ARLETH,F
ARLETT,F
ARLETTE,F
ARLIN,F
ARLYN,F
ARMANDINA,F
ARMIANKA,F
AROA,F
ARTEMIS,F
ARUMA,F
ARYANA,F
ASALY,F
ASAMI,F
ASCHLIE,F
ASCHLY,F
ASCHLYN,F
ASHANTI,F
ASHELY,F
ASHILY,F
ASHLEE,F
ASHLEEY,F
ASHLEI,F
ASHLEY,F
ASHLI,F
ASHLIE,F
ASHLIY,F
ASHLLE,F
ASHLY,F
ASHLYE,F
ASHLYN,F
ASHNALIA,F
ASHRAY'S,F
ASIEL,F
ASIL,F
ASIRI,F
ASLEY,F
ASLHY,F
ASLIN,F
ASLY,F
ASSHLEY,F
ASSLYN,F
ASTRID,F
ASTRIX,F
ASUNCIÓN,F
ASUNTA,F
ATALIA,F
ATALÌA,F
ATENEA,F
ATHALIA,F
ATHAR,F
ATHENA,F
ATHENEA,F
ATHIARA,F
AUDREY,F
AUDRY,F
AUGUSTA,F
AUGUSTINA,F
AUKA,F
AURA,F
AURELIA,F
AURORA,F
AURYS,F
AUSTRIA,F
AVA,F
AVELYN,F
AVRIL,F
AXTRICK,F
AYA,F
AYAHNAI,F
AYALEN,F
AYALÉN,F
AYAME,F
AYCHA,F
AYDÉ,F
AYELEEN,F
AYELEIN,F
AYELEN,F
AYELÉN,F
AYELÈN,F
AYELHEN,F
AYELLEN,F
AYEN,F
AYILEN,F
AYIN,F
AYINRAY,F
AYIÑKO,F
AYLA,F
AYLEEN,F
AYLEENE,F
AYLEN,F
AYLÉN,F
AYLENNE,F
AYLIN,F
AYLÍN,F
AYLINE,F
AYLINEE,F
AYLINNE,F
AYLIÑ,F
AYLLINE,F
AYLYN,F
AYLYNE,F
AYLYNN,F
AYMAR,F
AYMARA,F
AYME,F
AYMEE,F
AYMY,F
AYN,F
AYNARA,F
AYNHARA,F
AYNNA,F
AYNNI,F
AYNUR,F
AYRA,F
AYRLEN,F
AYSHA,F
AYSIS,F
AYTANA,F
AYUN,F
AYÜN,F
AYZAMAR,F
AZALIA,F
AZALIE,F
AZARELLA,F
AZENETTE,F
AZHAR,F
AZTRIX,F
AZUCENA,F
AZUL,F
AZUMI,F
AZUMMY,F
AZUMY,F
BABSY,F
BADI'A,F
BAIOLETT,F
BAITHIARE,F
BAITHYARE,F
BAITIARE,F
BALENTINA,F
BALLOLET,F
BANIA,F
BANINE,F
BANNIA,F
BAO,F
BARBARA,F
BÁRBARA,F
BARBARITA,F
BASTHY,F
BASTI,F
BASTISALEM,F
BATHSHEBA,F
BATSHEVA,F
BAYOLET,F
BAYOLETH,F
BAYOLETT,F
BAYTHIARE,F
BAYTHIAREE,F
BAYTIARE,F
BAYTIHARE,F
BEATRICE,F
BEATRIZ,F
BEEN,F
BEGONIA,F
BEGOÑA,F
BEIDA,F
BELANY,F
BELEM,F
BELEN,F
BELÉN,F
BELÈN,F
BELINDA,F
BELLA,F
BELSEM,F
BENERISE,F
BENYNEDA,F
BERENICE,F
BERENNA,F
BERESHIT,F
BERNARDITA,F
BERTA,F
BERTHA,F
BERTINA,F
BETANI,F
BETHSAIDA,F
BETHZABE,F
BETSABÉ,F
BETSABET,F
BETSABÉT,F
BETSABETH,F
BETSAIDA,F
BETSY,F
BETTY,F
BETTZABET,F
BETZABÉ,F
BETZABET,F
BETZABETH,F
BETZABHE,F
BETZAIDA,F
BETZAVE,F
BEVERLYN,F
BEYDA,F
BEYHAN,F
BHAYTHIARE,F
BHELEN,F
BIANCA,F
BIANKA,F
BIBI,F
BICHITA,F
BIELKA,F
BILDA,F
BIRGIT,F
BJÖRK,F
BLANCA,F
BLEER,F
BLENDA,F
BLU,F
BLUEE,F
BLUH,F
BONISA,F
BONNETT,F
BONNY,F
BRANIA,F
BRENDA,F
BRETHANNY,F
BREZLHY,F
BRIANA,F
BRIANNA,F
BRIATHNA,F
BRIATNA,F
BRIDJET,F
BRIDJEY,F
BRIDNI,F
BRIGETTE,F
BRIGITH,F
BRIGITTE,F
BRIHANA,F
BRILLITH,F
BRISA,F
BRISEYDA,F
BRISLY,F
BRISSA,F
BRISTELA,F
BRITANI,F
BRITANIE,F
BRITANNY,F
BRITANY,F
BRÍTANY,F
BRITHANY,F
BRITNEY,F
BRITTANNY,F
BRITTANY,F
BRIZEIDA,F
BRUNA,F
BRUNELLA,F
BRUNNY,F
BRYANNA,F
BRYGGI,F
BRYTANI,F
BRYTANY,F
BUNI,F
CAITLYN,F
CALIPSO,F
CALISTA,F
CAMBER,F
CAMELI,F
CAMELIA,F
CAMERON,F
CAMILA,F
CAMILLA,F
CAMILLE,F
CAMYLA,F
CANDACE,F
CANDELA,F
CANDELARIA,F
CÁNDIDA,F
CANELA,F
CANNELA,F
CAPRI,F
CAREN,F
CARINA,F
CARINE,F
CARLA,F
CARLEIGHT,F
CARLI,F
CARLITA,F
CARLOTA,F
CARMEL,F
CARMEN,F
CARMENCITA,F
CARMEN-PAZ,F
CARMINA,F
CAROL,F
CAROLA,F
CAROLAIN,F
CAROLAINE,F
CAROLAN,F
CAROLAY,F
CAROLIN,F
CAROLINA,F
CAROLINE,F
CAROLINNE,F
CAROLL,F
CAROLYN,F
CAROLYNE,F
CARRIE,F
CASSANDRA,F
CATALEYA,F
CATALINA,F
CATALINNA,F
CATALLEYA,F
CATALYNA,F
CATARINA,F
CATARY,F
CATERIN,F
CATERINA,F
CATHALEYA,F
CATHALINA,F
CATHALYNA,F
CATHERIN,F
CATHERINE,F
CATIA,F
CATLEYA,F
CATRINA,F
CATTALINA,F
CATTALYNA,F
CATTLEYA,F
CECIA,F
CECILIA,F
CECÍLIA,F
CECILIE,F
CEIDILIYN,F
CELENA,F
CELENE,F
CELESTE,F
CÉLESTE,F
CELIA,F
CELINA,F
CELINDA,F
CELINE,F
CÉLINE,F
CELINET,F
CELMIRA,F
CESIA,F
CHANEEL,F
CHANEL,F
CHANNEL,F
CHANTAL,F
CHAOHY,F
CHARIS,F
CHARLISSE,F
CHARLOT,F
CHARLOTT,F
CHARLOTTE,F
CHARMEL,F
CHARON,F
CHELSEA,F
CHELSI,F
CHELSIE,F
CHENDI,F
CHENNIEL,F
CHERIHDAN,F
CHERLIN,F
CHIARA,F
CHINGMAN,F
CHLOE,F
CHLOÉ,F
CHLOË,F
CHRISTABELL,F
CHRISTEL,F
CHRISTHINA,F
CHRISTIANE,F
CHRISTIANNE,F
CHRISTINA,F
CHRISTINE,F
CHRISTINNE,F
CHRISTMEL,F
CHUESSY,F
CIARA,F
CIELO,F
CIELORY,F
CIHOMARA,F
CINDY,F
CINTHIA,F
CINTHYA,F
CINTIA,F
CIRLEY,F
CIXNY,F
CLAIRE,F
CLARA,F
CLARIKSA,F
CLARISA,F
CLARISS,F
CLARISSA,F
CLARISSE,F
CLARITA,F
CLAUDIA,F
CLEMENCIA,F
CLETA,F
CLOE,F
CLOTILDE,F
COCORO,F
COLLINS,F
COLOMBA,F
COLOMBINA,F
COLOMVA,F
COLUMBINA,F
CONNIE,F
CONNY,F
CONSTANSA,F
CONSTANZA,F
CONSTHANZA,F
CONSUELO,F
CONTANZA,F
CONY,F
CONZTANZA,F
CONZUELO,F
CORAIMA,F
CORAL,F
CORALIA,F
CORALINE,F
CORAYMA,F
CORINA,F
COSTANZA,F
CRICHNA,F
CRISBELL,F
CRISHNA,F
CRISNA,F
CRISSNA,F
CRISTAL,F
CRÍSTALL,F
CRISTEL,F
CRISTELH,F
CRISTHAYEL,F
CRISTHEL,F
CRISTHIN,F
CRISTIANNE,F
CRISTIN,F
CRISTINA,F
CRISTINE,F
CRISTY,F
CRIZTAL,F
CRYSTAL,F
CRYSTINA,F
CYAN,F
CYANNE,F
CYBELE,F
CYNARA,F
CYNTHIA,F
CYNTHYA,F
CYNTIA,F
DABNE,F
DABNHE,F
DACKOTHA,F
DAEMY,F
DAFFNE,F
DAFHLIE,F
DAFHNE,F
DAFNE,F
DAFNEE,F
DAFNEHY,F
DAFNHE,F
DAFNNE,F
DAFTHNE,F
DAGGIANA,F
DAGLY,F
DAGMAR,F
DAGNA,F
DAHESY,F
DAHIANA,F
DAHILY,F
DAHILYN,F
DAHIRA,F
DAHIRIS,F
DAHLIA,F
DAHNYA,F
DAHYLA,F
DAIAN,F
DAIANA,F
DAIANNE,F
DAIARA,F
DAICY,F
DAILEN,F
DAILIN,F
DAILY,F
DAILYN,F
DAILYNE,F
DAILYNG,F
DAIMARA,F
DAINA,F
DAIRA,F
DAIREY,F
DAIRHYS,F
DAIRIS,F
DAIRIZ,F
DAIRY,F
DAIRYS,F
DAISHA,F
DAISY,F
DAKOTA,F
DAKOTHA,F
DAKOTTA,F
DALESKA,F
DALÉT,F
DALEY,F
DALIA,F
DALIANCS,F
DALILA,F
DALITTE,F
DALLANA,F
DALLELY,F
DALMA,F
DAMALI,F
DAMARA,F
DAMARAYS,F
DAMARI,F
DÁMARI,F
DAMARII,F
DAMARIS,F
DAMARÍS,F
DÁMARIS,F
DÀMARIS,F
DAMARISH,F
DAMARISS,F
DAMARIT,F
DAMARY,F
DAMARYS,F
DÁMARYS,F
DAMAY,F
DAMAYRA,F
DAMIK,F
DAMNE,F
DANA,F
DÁNA,F
DANAE,F
DANAÉ,F
DANÁE,F
DÁNAE,F
DANAES,F
DANAHE,F
DANAHEE,F
DANAHIS,F
DANAHY,F
DANAI,F
DANAIDAE,F
DANAIS,F
DANAITZA,F
DANALHY,F
DANALÍ,F
DÁNALIS,F
DANARA,F
DANAY,F
DANAYRA,F
DANAYSA,F
DANEHIA,F
DANELLY,F
DANELY,F
DANERI,F
DANETZA,F
DANEYS,F
DANGELA,F
DANGHELYN,F
DANHAE,F
DANHYA,F
DANIA,F
DÁNIA,F
DANICSA,F
DANICZA,F
DANIELA,F
DANIELLA,F
DANIELLE,F
DANIKA,F
DANILA,F
DANILY,F
DANISHA,F
DANISSA,F
DANITSA,F
DANITZA,F
DANIXA,F
DANIZA,F
DANIZZA,F
DANKA,F
DANKKA,F
DANLLET,F
DANNA,F
DANNAE,F
DANNAHE,F
DANNAI,F
DANNAIS,F
DANNAY,F
DANNIA,F
DANNIELA,F
DANYA,F
DANYARA,F
DANYELA,F
DANYELI,F
DANYELY,F
DANYERI,F
DANYRA,F
DANYTZA,F
DANYYERLA,F
DAPFNNE,F
DAPHNE,F
DAPHNEE,F
DAPHNNE,F
DARA,F
DÁRAMIS,F
DARCI,F
DARCY,F
DARELENE,F
DARIÁN,F
DARIANA,F
DARIANNE,F
DARICZA,F
DARIEL,F
DARIELA,F
DARIEN,F
DARILYN,F
DARINCA,F
DARINES,F
DARINKA,F
DARIOLETTE,F
DARITHZA,F
DARITZA,F
DARKA,F
DARLA,F
DARLEEN,F
DARLENE,F
DARLENNE,F
DARLETT,F
DARLETTE,F
DARLEY,F
DARLHING,F
DARLIN,F
DARLINE,F
DARLING,F
DARLINNE,F
DARLLING,F
DARLY,F
DARLYN,F
DARLYND,F
DARLYNE,F
DARLYNG,F
DARLYNN,F
DARLYNT,F
DAROLYN,F
DAROMA,F
DARSLETH,F
DARYA,F
DARYAN,F
DARYANA,F
DARYL,F
DARYNKA,F
DASHA,F
DASHLEY,F
DASHLY,F
DASLING,F
DASNE,F
DASNY,F
DAVALIN,F
DAVIMY,F
DAVNE,F
DAYAINA,F
DAYAN,F
DAYANA,F
DAYANARA,F
DAYANE,F
DAYANELA,F
DAYANELL,F
DAYANN,F
DAYANNA,F
DAYANNE,F
DAYANNY,F
DAYARET,F
DAYARLIN,F
DAYELIN,F
DAYEN,F
DAYERLIN,F
DAYHAN,F
DAYHANA,F
DAYLA,F
DAYLEEN,F
DAYLEHN,F
DAYLEN,F
DAYLET,F
DAYLI,F
DAYLIN,F
DAYLINE,F
DAYNA,F
DAYNE,F
DAYOLET,F
DAYRA,F
DAYRHA,F
DAYRIS,F
DAYSHA,F
DAYSHNA,F
DAYSI,F
DAYYANA,F
DAYYANNA,F
DEBBIE,F
DEBBY,F
DEBORA,F
DÉBORA,F
DEBORAH,F
DÉBORAH,F
DEGIANYRA,F
DEGIARYDA,F
DEIANIRA,F
DEIDAMIA,F
DEIDANIA,F
DEIMELY,F
DEIMIS,F
DEIMMY,F
DEIMY,F
DEISI,F
DEISY,F
DEITLING,F
DEIZY,F
DEKYRA,F
DELANEY,F
DELANI,F
DELANSSI,F
DELANY,F
DELEINNA,F
DELFINA,F
DELIA,F
DELICIA,F
DÉLINA,F
DELLANIRA,F
DELLY,F
DEMY,F
DÉNALI,F
DENANIH,F
DENESY,F
DENIS,F
DENÍS,F
DENISE,F
DENISS,F
DENISSE,F
DENNEY,F
DENNIS,F
DÉNNIS,F
DENNISE,F
DENNISSE,F
DENNY,F
DENNYS,F
DENYANIRA,F
DENYARA,F
DENYS,F
DENYSS,F
DENYSSE,F
DEOLINDA,F
DERENIS,F
DERMANY,F
DESIREÉ,F
DES-REE,F
DÉTZANY,F
DEVERYS,F
DÉVORA,F
DEYANIRA,F
DEYARIS,F
DEYLEN,F
DEYLIN,F
DEYMILITH,F
DEYNA,F
DEYORMY,F
DEYRIT,F
DEYSI,F
DHAFNE,F
DHAFNNE,F
DHANAE,F
DHANISHA,F
DHARLYN,F
DHAYRA,F
DIANA,F
DIANDRA,F
DIANE,F
DIANELLA,F
DIANEYA,F
DIANNA,F
DIANNE,F
DIANNEY,F
DIARA,F
DICXA,F
DIDIANE,F
DIEUNICA,F
DILARA,F
DILARI,F
DILLOLEYNE,F
DINA,F
DINARA,F
DINELLY,F
DIOSA,F
DITSA,F
DIVARI,F
DIXCEL,F
DOLCHE,F
DOLORES,F
DOMENICA,F
DOMÉNICA,F
DOMINA,F
DOMINGA,F
DOMINIC,F
DOMINICK,F
DOMINIK,F
DOMINIKC,F
DOMINIKE,F
DOMINIQ,F
DOMINIQUE,F
DOMINÍQUE,F
DÓMINIQUE,F
DOMINIX,F
DOMYNIC,F
DOMYNIQUE,F
DONATELLA,F
DORA,F
DORCA,F
DORI,F
DORIS,F
DORKA,F
DRAGUITZA,F
DULCE,F
DULCEBÉLL,F
DULCEMARIA,F
DUNIA,F
DYANA,F
DYANI,F
DYANN,F
DYNARA,F
EAMY,F
EBOLET,F
EBOLETH,F
ECILDA,F
EDDYLEN,F
EDELAIN,F
EDELAYN,F
EDELEYN,F
EDELINE,F
EDELWAIS,F
EDELWEISS,F
EDELWISSE,F
EDELYNE,F
EDELYNTH,F
EDIANAY,F
EDITH,F
EDITT,F
EDRIAN,F
EDUARDA,F
EFUA,F
EHIMILY,F
EHIMY,F
EILEEN,F
EILIN,F
EILINE,F
EILYNG,F
EIMI,F
EIMILY,F
EIMMY,F
EIMY,F
EIMY-LEE,F
EINGEL,F
EÍNISS,F
EINY,F
EINZINGER,F
EIPRIL,F
EIRINI,F
EKATERINA,F
EKATHERINA,F
ELA,F
ELAINE,F
ELANIE,F
ELBA,F
ELCIRA,F
ELDY,F
ELEANA,F
ELEANOR,F
ELEHYN,F
ELENA,F
ELEND,F
ELENI,F
ELENNA,F
ELENY,F
ELEONOR,F
ELEONORA,F
ELEY,F
ELGA,F
ELIA,F
ELIANA,F
ELIANITA,F
ELIANY,F
ELIETTE,F
ELINA,F
ELISA,F
ELISABET,F
ELISABETH,F
ELISABETT,F
ELISE,F
ÉLISETH,F
ELISSA,F
ELITA,F
ELIZA,F
ELIZABET,F
ELIZABETH,F
ELIZETH,F
ELLA,F
ELLANIS,F
ELLEN,F
ELLHA,F
ELLY,F
ELODIE,F
ELOISA,F
ELOÍSA,F
ELOÍSE,F
ELOIZA,F
ELONA,F
ELOYN,F
ELOYZA,F
ELSA,F
ELSY,F
ELUNEI,F
ELUNEY,F
ELVA,F
ELY,F
ELYSA,F
ELYSIA,F
EMA,F
EMELI,F
EMELIE,F
EMELIN,F
EMELINA,F
EMELY,F
EMELYN,F
EMHELI,F
EMI,F
EMILEE,F
EMILHIA,F
EMILHY,F
EMILI,F
EMILIA,F
EMILIANA,F
EMILIASOFIA,F
EMILIE,F
EMILLIE,F
EMILSE,F
EMILY,F
EMILYA,F
EMILYE,F
EMILYH,F
EMILYN,F
EMILYTH,F
EMINE,F
EMMA,F
EMMIE,F
EMMILY,F
EMMY,F
EMPERATRÍZ,F
EMY,F
EMYLEE,F
EMYLEEY,F
EMYLIA,F
EMYLIE,F
EMYLLY,F
EMYLY,F
ENA,F
ENARHA,F
ENAYA,F
ENCY,F
ENDALAIN,F
ENDERLINE,F
ENGEL,F
ENGELL,F
ENGELYS,F
ENIGEHR,F
ENIGER,F
ENMA,F
ENNEDY,F
ENNIGER,F
ENOLA,F
ENRIQUETA,F
ENSI,F
ENSY,F
ENYGER,F
ENZI,F
ENZINGER,F
ENZY,F
ERCILIA,F
ERENIA,F
ERIALETH,F
ERICA,F
ERICKA,F
ERIKA,F
ERIN,F
ERLING,F
ERNA,F
ERNESTHINA,F
ERNESTINA,F
ERZEBETH,F
ESCARLET,F
ESCARLETH,F
ESCARLETT,F
ESKARLETT,F
ESLEEY,F
ESLEYN,F
ESLOMY,F
ESMERALDA,F
ESPERANZA,F
ESTEFANI,F
ESTEFANÍ,F
ESTEFANIA,F
ESTEFANÍA,F
ESTEFANNIA,F
ESTEFANNY,F
ESTEFANY,F
ESTEFFANY,F
ESTEFHANNIE,F
ESTELA,F
ESTELITA,F
ESTELLA,F
ESTEPHANIA,F
ESTEPHANIE,F
ESTER,F
ESTHER,F
ESTIBALI,F
ESTIBÁLIZ,F
ESTRELLA,F
ESTRELLITA,F
ETHEL,F
ETHIEL,F
EUGENIA,F
EULALIA,F
EUN-BEE,F
EUNICE,F
EVA,F
EVANELLA,F
EVANGELINA,F
EVANGELINE,F
EVANGELLÍ,F
EVANGELYN,F
EVANIA,F
EVANIE,F
EVELIN,F
EVELINA,F
EVELINE,F
EVELIZ,F
EVELYN,F
EVELYNE,F
EVERLEN,F
EVOHLETT,F
EVOLED,F
EVOLET,F
EVOLETH,F
EVOLETT,F
EVOLETTE,F
EVOLLETH,F
EVOLLETT,F
EVONY,F
EYDY,F
EYELÉN,F
EYLEEN,F
EYLEN,F
EYLIN,F
EYMI,F
EYMILEE,F
EYMILI,F
EYMILIE,F
EYMMI,F
EYMY,F
EYNILSOLETTE,F
EZTELA,F
FABIA,F
FABIANA,F
FABIANNA,F
FABIOLA,F
FAIRUZ,F
FAITH,F
FALOM,F
FALON,F
FALONT,F
FALOON,F
FANNIA,F
FANNY,F
FARA,F
FARAH,F
FARDOS,F
FARIDA,F
FÁTIMA,F
FATMANUR,F
FATME,F
FAVIA,F
FAVIANA,F
FAYRÚ,F
FAYRUZ,F
FEBE,F
FEDERICA,F
FEDORA,F
FELICIDAD,F
FELIPA,F
FENG-SHENG,F
FERNANDA,F
FILIPA,F
FILIPPA,F
FIORELA,F
FIORELLA,F
FIORENTINA,F
FIORENZZA,F
FLAVIA,F
FLOR,F
FLORENCCIA,F
FLORENCE,F
FLORENCIA,F
FLORENCIA-PAZ,F
FLORENNCIA,F
FLORENNZZIA,F
FLORENSSIA,F
FLORENZIA,F
FLORENZZIA,F
FLORITA,F
FOCSI,F
FORENCIA,F
FRAN,F
FRANCA,F
FRANCCINI,F
FRANCES,F
FRANCESCA,F
FRANCESKA,F
FRANCHESCA,F
FRANCHESKA,F
FRANCHESSCA,F
FRANCI,F
FRANCIA,F
FRANCIELI,F
FRANCIELLY,F
FRANCINE,F
FRANCINI,F
FRANCINY,F
FRANCIS,F
FRANCISCA,F
FRANCISKA,F
FRANCOISE,F
FRANCOISSE,F
FRANCOUSE,F
FRANCYSK,F
FRANK,F
FRANKA,F
FRANN,F
FRANSCISCA,F
FRANSHESCA,F
FRANSHESKA,F
FRANSINI,F
FRANSISCA,F
FRANSUA,F
FRANSUAT,F
FRANTXA,F
FRANXESCA,F
FRANZUA,F
FREJANELLE,F
FRESIA,F
GABIELA,F
GABRIELA,F
GABRIELE,F
GABRIELLA,F
GABRYELA,F
GADIR,F
GAIL,F
GAILY,F
GALA,F
GALIA,F
GALYA,F
GANELLA,F
GAUDY,F
GECIA,F
GEISEL,F
GEMA,F
GEMMA,F
GENARA,F
GENDELY,F
GENECIS,F
GENECISS,F
GENESIS,F
GENESÍS,F
GENÉSIS,F
GÉNESIS,F
GÈNESIS,F
GÉNESISS,F
GENESSIS,F
GENISES,F
GENNESIS,F
GENOVEVA,F
GEOMARA,F
GEORGINA,F
GERALDHINE,F
GERALDIE,F
GERALDINE,F
GERALDY,F
GERALDYNE,F
GERIZIM,F
GERMAYOLIN,F
GERSENDRE,F
GETSEMANY,F
GETZAMANI,F
GETZARELY,F
GEYNALIZE,F
GHADIR,F
GHILBERT,F
GHISLAINE,F
GHISLAYNE,F
GIANARA,F
GIANELA,F
GIANELLA,F
GIANESCA,F
GIANINA,F
GIANNARA,F
GIANNELA,F
GIANNELLA,F
GIANNI,F
GIANNINA,F
GIARELLA,F
GIENARA,F
GIGLIOLA,F
GIHAN,F
GILDA,F
GILIAN,F
GINA,F
GINELLA,F
GINNA,F
GINNEBER,F
GIORDANA,F
GIORDANNA,F
GIORGIA,F
GIOVANNA,F
GISEL,F
GISELA,F
GISELE,F
GISELL,F
GISELLA,F
GISELLE,F
GISELLI,F
GISLAINE,F
GISLANE,F
GISLENNE,F
GISLEY,F
GISLEYT,F
GISLYAN,F
GISMARY,F
GISSEL,F
GISSELA,F
GISSELL,F
GISSELLE,F
GISSLEIMY,F
GISSLEY,F
GISTTLEINE,F
GIULIA,F
GIULIANA,F
GIULIANNA,F
GIULIETTA,F
GIULLIET,F
GLADIS,F
GLADYS,F
GLENDA,F
GLENYS,F
GLORIA,F
GRACE,F
GRACIA,F
GRACIELA,F
GRACIELL,F
GRASSE,F
GRAZIA,F
GREACE,F
GRECHEL,F
GRECIA,F
GREETCHEN,F
GREGORIA,F
GREHIS,F
GREICY,F
GREIS,F
GREISY,F
GRESIL,F
GRETA,F
GRETEL,F
GRETTEL,F
GREY,F
GREYS,F
GREY'S,F
GREZZIA,F
GRICEL,F
GRICELDA,F
GRIPCY,F
GRISELDA,F
GRISLEY,F
GRISSEL,F
GRISTEL,F
GUADALUPE,F
GUIANELLA,F
GUIANNELLA,F
GUILEANA,F
GUILIANA,F
GUILLERMINA,F
GUISELA,F
GUISELLA,F
GUISELLE,F
GUISSELLE,F
GULIANA,F
GULIANNA,F
HADA,F
HADALY,F
HADARA,F
HADASA,F
HADASSA,F
HADE,F
HADEL,F
HAIFA,F
HAILYN,F
HAIMA,F
HAIMARA,F
HAKA,F
HAKIRA,F
HALA,F
HALANYS,F
HALIME,F
HALINA,F
HALLALET,F
HALLORY,F
HALLY,F
HAMBAR,F
HAMYRA,F
HANA,F
HANAACH,F
HANAI,F
HANAIS,F
HANAN,F
HANIA,F
HANNA,F
HANNAH,F
HANNAIS,F
HANYHELY,F
HAN-YOORÍ,F
HAPRIL,F
HARIANA,F
HARIS,F
HARLETTE,F
HARPER,F
HARUMI,F
HARYSLEN,F
HASHLY,F
HASNA,F
HASSLY,F
HASYADE,F
HATSUMI,F
HATTIE,F
HAVEA,F
HAVEN,F
HAYA,F
HAYAT,F
HAYDÉE,F
HAYDEN,F
HAYLEN,F
HAYLEY,F
HAYLLI,F
HAYMME,F
HAYNARA,F
HAYSEL,F
HAZEL,F
HEALYE,F
HEBOLET,F
HEBOLETT,F
HEDANIS,F
HEDER,F
HEFZI,F
HEICY,F
HEIDE,F
HEIDI,F
HEIMMY,F
HEIMY,F
HEIRANGI,F
HEIZEL,F
HEIZEN,F
HELA,F
HÉLARY,F
HELEM,F
HELEN,F
HÉLEN,F
HELENA,F
HELENNA,F
HELENY,F
HELIA,F
HELINA,F
HELLEN,F
HELLER,F
HELLIETH,F
HELOÍSA,F
HEMELY,F
HENNESY,F
HÉNOLA,F
HENRIETTE,F
HEPSIBA,F
HERMINIA,F
HERMYHONEE,F
HEVOLET,F
HEYFATH,F
HEYLIN,F
HEYMI,F
HEYNAMY,F
HIEINALI,F
HILANE,F
HILARY,F
HILDA,F
HILLARY,F
HIROMI,F
HISIDORA,F
HITOMI,F
HITTZIAR,F
HIZARAY,F
HOLLY-SUE,F
HOLY,F
HOREB,F
HUI,F
HUITING,F
HUIYI,F
IANA,F
IANARA,F
IANELLA,F
IBANIA,F
ICELA,F
IDALI,F
IGNACIA,F
IGNACYA,F
IGNASIA,F
ILANA,F
ILANNIS,F
ILARY,F
ILDA,F
ILEINE,F
ILEYN,F
ILHAM,F
ILIA,F
ILIANA,F
ILLARI,F
ILLARY,F
ILLYEN,F
ILSA,F
ILWEN,F
IMAN,F
IMARA,F
INA,F
INARA,F
INDARA,F
INDIRA,F
INDRA,F
INDRIANI,F
INES,F
INÉS,F
INÈS,F
INGALL,F
INGEBORG,F
INGER,F
INGRID,F
INGRIT,F
INHA,F
INNARA,F
INTI,F
ÍO,F
IONELA,F
IRA,F
ÍRAIS,F
IRANTZU,F
IRAULTZA,F
IRENE,F
IRENIA,F
IRINA,F
IRIS,F
IRISETH,F
IRLYS,F
IRMA,F
IRUNE,F
IRYNNA,F
ISA,F
ISABEL,F
ISABELA,F
ISABELHA,F
ISABELLA,F
ISABELLE,F
ISABODT,F
ISADORA,F
ISAIRIS,F
ISAMAR,F
ISAMARA,F
ISANIELA,F
ISAURA,F
ISEL,F
ISELA,F
ISELINE,F
ISELYN,F
ISIDORA,F
ISIS,F
ISKRA,F
ISMAELA,F
ISMARY,F
ISOL,F
ISOLINA,F
ISRA,F
ISSA,F
ISSABELLA,F
ISSIDORA,F
ISSIS,F
ISSYDORA,F
ISYDORA,F
ITALY,F
ITANNA,F
ITHAMAR,F
ITHZEL,F
ITSEL,F
ITZAMARA,F
ITZEL,F
ITZIAR,F
IVAANA,F
IVANA,F
IVANI,F
IVANIA,F
IVANÍA,F
IVANKA,F
IVANNA,F
IVANNIA,F
IVANNY,F
IVETTE,F
IVÍ,F
IVONNE,F
IVY,F
IXCHEL,F
IXCHELL,F
IYARI,F
IZABELLA,F
IZIDORA,F
IZUMI,F
IZZIE,F
JABIERA,F
JACCELINE,F
JACINTA,F
JACKELIN,F
JACOBED,F
JACQUELIN,F
JACQUELINE,F
JADE,F
JADEHT,F
JADEL,F
JADET,F
JADHE,F
JADISS,F
JAEDE,F
JAEEL,F
JAEELY,F
JAEL,F
JAELY,F
JAELYN,F
JAHAIIRTT,F
JAHAZIEL,F
JAHDE,F
JAHEL,F
JAHZEEL,F
JAIA,F
JAKY,F
JAMIE,F
JAMILA,F
JANAINA,F
JANAY,F
JANE,F
JANEIN,F
JANEISSY,F
JANEL,F
JANELL,F
JANELLE,F
JANESSIS,F
JANET,F
JANETH,F
JANETT,F
JANEZ,F
JANICE,F
JANIRA,F
JANIRE,F
JANIS,F
JANISE,F
JANITZA,F
JANNET,F
JANNETE,F
JANNETT,F
JANNINE,F
JANNIRA,F
JANNIS,F
JANNYS,F
JANYRE,F
JANYS,F
JAPCIA,F
JAPHIA,F
JAPSIA,F
JAQUELIN,F
JAQUELINA,F
JAQUELINE,F
JARET,F
JARETE,F
JARITZA,F
JARLENIS,F
JARLET,F
JARUMY,F
JARUTZY,F
JASIBY,F
JASLENE,F
JASLIN,F
JASLYN,F
JASLYNE,F
JASMÍN,F
JASMINA,F
JASMINE,F
JASMYN,F
JASSIARA,F
JASSIEL,F
JASUAN,F
JASURY,F
JAVIERA,F
JAVYERA,F
JAZBEL,F
JAZEL,F
JAZLENE,F
JAZMARIE,F
JAZMIN,F
JAZMÍN,F
JAZMINE,F
JAZZLYN,F
JEANALIZ,F
JEAN-CARLA,F
JEANELLA,F
JEANELY,F
JEANETTE,F
JEANIDETT,F
JEANNETTE,F
JEANNINA,F
JEHILY,F
JEILY,F
JEIMY,F
JEISSI,F
JEISSY,F
JELENA,F
JELITZA,F
JELUER,F
JEMIMA,F
JENCY,F
JENDELINE,F
JENDELY,F
JENDELYN,F
JENDERY,F
JENDHENLY,F
JENEDITH,F
JENIFER,F
JENIFFER,F
JENNDELY,F
JENNEPHER,F
JENNIE,F
JENNIFER,F
JENNIFFER,F
JENNY,F
JENNYFER,F
JENNYPHER,F
JERALDI,F
JERALDINE,F
JERALDY,F
JERELY,F
JERLY,F
JERUSALÉN,F
JESAHEL,F
JESENIA,F
JESICA,F
JESLI,F
JESMY,F
JESRRAM,F
JESSENIA,F
JESSICA,F
JÉSSICA,F
JESSIE,F
JESSMY,F
JESSYKA,F
JESTHER,F
JESÚS,F
JETZABEL,F
JEYLINNE,F
JEZABEHL,F
JEZABEL,F
JEZARELL,F
JEZARELLA,F
JHADE,F
JHADEL,F
JHAEL,F
JHAJAIRA,F
JHALICEN,F
JHANDY,F
JHANNELA,F
JHANNIS,F
JHARITZA,F
JHASMIN,F
JHENDELEN,F
JHENDELIN,F
JHENDELINE,F
JHENDELYN,F
JHENDELYNE,F
JHENDENLY,F
JHENDERLYN,F
JHENDLIN,F
JHENDYN,F
JHENNISEL,F
JHENYFER,F
JHEONARA,F
JHESSE,F
JHEYLI,F
JHEYMI,F
JHISTEEL,F
JHOANNA,F
JHORGELY,F
JHOSEFFA,F
JHOSEFÍN,F
JHOSEFINA,F
JHOSELYN,F
JHOSSELIN,F
JHOSSELYN,F
JIA,F
JILLIAM,F
JILLIAN,F
JIMENA,F
JIN,F
JINGYAN,F
JIREH,F
JIRETH,F
JISLENE,F
JISLEY,F
JITZY,F
JOANNE,F
JOAQUINA,F
JOBA,F
JOCEFINA,F
JOCELIN,F
JOCELYN,F
JODELINE,F
JODIHE,F
JOECE,F
JOHANA,F
JOHANKA,F
JOHANNA,F
JOHANNINA,F
JOISY,F
JOKABED,F
JOLIE,F
JOLIETH,F
JONAINE,F
JORDANA,F
JOSEANNE,F
JOSEFA,F
JOSEFÁ,F
JOSÉFA,F
JÓSEFA,F
JOSEFFA,F
JOSEFHA,F
JOSEFINA,F
JOSÉFINA,F
JOSEFINE,F
JOSELIN,F
JOSELINE,F
JOSELYN,F
JOSENID,F
JOSEPHA,F
JOSEPHIN,F
JOSEPHINE,F
JOSESKA,F
JOSHEFA,F
JOSIANE,F
JOSSEFA,F
JOSSEFFA,F
JOSSEFINA,F
JOSSELIN,F
JOSSELYNG,F
JOSSEPHA,F
JOSSETE,F
JOSSIANNE,F
JOUDY,F
JOVINA,F
JOY,F
JOYCE,F
JOYS,F
JOYSE,F
JUANA,F
JUANITA,F
JUAQUINA,F
JUBITZA,F
JUDITH,F
JUDITHZA,F
JULIA,F
JULÍA,F
JÚLIA,F
JULIANA,F
JULIANNA,F
JULIE,F
JULIET,F
JULIETA,F
JULIETH,F
JULIETHA,F
JULIETT,F
JULIETTA,F
JULIETTE,F
JULIETTHA,F
JULISSA,F
JULLIET,F
JULLIETTA,F
JULLIETTE,F
JULY,F
JUN,F
JUNIGSSA,F
JURIMAR,F
JUSTINA,F
JUSTINNE,F
JUVITZA,F
KACEY,F
KAILA,F
KAILY,F
KAINA,F
KAIRA,F
KAIRI,F
KAIRY,F
KAITHYN,F
KAITLIN,F
KALAVATI,F
KALERHY,F
KALEY,F
KALFU,F
KALONICE,F
KAMBERLY,F
KAMILA,F
KAMILLA,F
KAMYLA,F
KANDRIA,F
KANYA,F
KAOMY,F
KAPRIZ,F
KAREM,F
KAREN,F
KARIANNE,F
KARIME,F
KARIN,F
KARÍN,F
KARINA,F
KARINNA,F
KARINSKA,F
KARIS,F
KARISSA,F
KARITO,F
KARLA,F
KARLEN,F
KARLITA,F
KARLY,F
KARMEN,F
KAROL,F
KAROLA,F
KAROLAEN,F
KAROLAIN,F
KAROLAINE,F
KAROLANY,F
KAROLAY,F
KAROLAYN,F
KAROLAYNE,F
KAROLINA,F
KAROLINE,F
KAROLYNE,F
KARUBAY,F
KARYN,F
KASANDRA,F
KASCEDY,F
KASSANDRA,F
KATALEYA,F
KATALIN,F
KATALINA,F
KATALLINA,F
KATALYNA,F
KATARA,F
KÁTARI,F
KATE,F
KATERIN,F
KATERINA,F
KATERINE,F
KATERYN,F
KATERYNE,F
KATHALEYA,F
KATHALINA,F
KATHALINNA,F
KATHALYNA,F
KATHALYNE,F
KATHARINA,F
KATHERIN,F
KATHERINA,F
KATHERINE,F
KATHERINNE,F
KATHERYN,F
KATHERYNE,F
KATHIA,F
KATHIE,F
KATHLEEN,F
KATHRYN,F
KATHYA,F
KATIA,F
KATIANA,F
KATIUSCA,F
KATRIM,F
KATRIN,F
KATRINA,F
KATRYNNA,F
KATTALINA,F
KATTE,F
KATTERINE,F
KATTHYA,F
KATTIA,F
KATTY,F
KATYA,F
KATYNA,F
KAY,F
KAYDA,F
KAYLA,F
KAYLEE,F
KAYLEIGH,F
KAYLEIHG,F
KAYLINN,F
KAYMA,F
KAYNA,F
KAYSEE,F
KAZANDRA,F
KAZUE,F
KEANA,F
KEARA,F
KEDYLANG,F
KEHILY,F
KEHIRA,F
KEHIRY,F
KEHOMARA,F
KEIDA,F
KEIDLYN,F
KEIDY,F
KEIKO,F
KEILA,F
KEILEY,F
KEILI,F
KEILIN,F
KEILINE,F
KEILLY,F
KEILY,F
KEILYN,F
KEILYS,F
KEIMY,F
KEINY,F
KEIRA,F
KEIRENS,F
KEISSY,F
KEISY,F
KEITHE,F
KEITHLEEN,F
KEITHY,F
KEI-THY,F
KEITRYN,F
KEL,F
KELL,F
KELLY,F
KELLYN,F
KELSSY,F
KELVRAY,F
KELY,F
KENDALL,F
KENDRA,F
KENIA,F
KENNAI,F
KENNY,F
KENNYA,F
KENYA,F
KEOMI,F
KEREM-HAPPUC,F
KEREN,F
KERLA,F
KERSTIN,F
KETRIN,F
KEVELYN,F
KEY,F
KEYDI,F
KEYLA,F
KEYLEEN,F
KEYLIE,F
KEYLIN,F
KEYRA,F
KEYRENS,F
KEYS,F
KEYSI,F
KEYSSI,F
KEYTH,F
KEYTHEN,F
KEYTHI,F
KEYTHIE,F
KEYTHY,F
KEYTI,F
KEYTTI,F
KEYTTY,F
KHALEN,F
KHATALINA,F
KHAYLA,F
KHEILY,F
KHENDRA,F
KHIARA,F
KHIARE,F
KHIIARA,F
KHLOE,F
KHRISMY,F
KHRISNA,F
KHYARA,F
KIARA,F
KIARY,F
KIATA,F
KIDAN,F
KIHARA,F
KIHI,F
KILLARIS,F
KILLARY,F
KIM,F
KIMBERLEY,F
KIMBERLI,F
KIMBERLIN,F
KIMBERLY,F
KIMBERLYN,F
KIMIORA,F
KIM-LIE,F
KIMNRHAI,F
KIMVERLI,F
KINBERLY,F
KINBERLYN,F
KINIA,F
KIOMARA,F
KISSY,F
KITZIA,F
KIYEN,F
KLARA,F
KLAUDIA,F
KLELIA,F
KLYNESIA,F
KOLKIZA,F
KOLOMBA,F
KONSTANZA,F
KORALYNNE,F
KORINA,F
KORY,F
KRASNA,F
KRETTIEL,F
KRHISNA,F
KRHYSNA,F
KRICHNA,F
KRICHNNA,F
KRIHSNA,F
KRIS,F
KRISCHNA,F
KRISHNA,F
KRISHNAE,F
KRISHNEY,F
KRISHNNA,F
KRISHNY,F
KRISHTEL,F
KRISLER,F
KRISNA,F
KRISNHA,F
KRISS,F
KRISSHNA,F
KRISSIE,F
KRISSNA,F
KRISSNHA,F
KRISTAL,F
KRISTEL,F
KRISTELL,F
KRISTEN,F
KRISTHALL,F
KRISTHEL,F
KRISTHELL,F
KRISTIE,F
KRISTIN,F
KRISTINA,F
KRIZA,F
KRIZTELL,F
KRYSLEIN,F
KRYSMA,F
KRYSTELL,F
KUMY-RAYEN,F
KUSY,F
KÜYUEN,F
KYANNHA,F
KYARA,F
KYDALY,F
KYLA,F
KY-MANY,F
KYMARA,F
KYMBERLY,F
KYRA,F
KYRIE,F
LADY,F
LAHUREEN,F
LAIA,F
LAIDY,F
LÁIKYA,F
LAILA,F
LAIMA,F
LAIRA,F
LAÍS,F
LANA,F
LARA,F
LARISA,F
LARISSA,F
LARIZA,F
LAURA,F
LAUREANA,F
LAUREN,F
LAURI,F
LAURIE,F
LAURITA,F
LAURYN,F
LAYLA,F
LEA,F
LÉA,F
LEAH,F
LEANDRA,F
LEANETTE,F
LEANY,F
LEE,F
LEEANE,F
LEIA,F
LEIDY,F
LEISSY,F
LEISTER,F
LENA,F
LÉNA,F
LENALEE,F
LENDSAY,F
LENI,F
LENKA,F
LEONELA,F
LEONELLA,F
LEONIE,F
LEONOR,F
LEONÓR,F
LEONORA,F
LEONTINA,F
LESLI,F
LESLIE,F
LESLY,F
LESLYAN,F
LESLYE,F
LETHYCIA,F
LETICIA,F
LETÍCIA,F
LETISIA,F
LETIZIA,F
LETLLERY,F
LETTICIA,F
LEUFU,F
LEYDI,F
LEYDY,F
LEYLA,F
LEYNA,F
LEYSI,F
LHIA,F
LHIAN,F
LHIANNA,F
LHIZ,F
LHYA,F
LI,F
LIA,F
LÍA,F
LIAH,F
LÌAH,F
LIAN,F
LIANCA,F
LIANELLA,F
LIANI,F
LIANNY,F
LIANS,F
LIANY,F
LIAT,F
LIAYEN,F
LIBERTAD,F
LIBNA,F
LIBNI,F
LIBYA,F
LICARAYEN,F
LICCY,F
LICELOTT,F
LICETH,F
LI-CHUAN,F
LI-CHUN,F
LICSETH,F
LIDA,F
LIDIA,F
LIDIAN,F
LIDIARA,F
LIDSAY,F
LIED,F
LIG,F
LIHAN,F
LIHI,F
LI-HSIN,F
LIKARAYEN,F
LILA,F
LILAC,F
LILEN,F
LILÉN,F
LILI,F
LILIA,F
LILIAN,F
LILIANA,F
LILIANE,F
LILIET,F
LILITH,F
LILITHE,F
LILLIANA,F
LILY,F
LILYAN,F
LINA,F
LINCI,F
LINCY,F
LINDA,F
LINDSAY,F
LINET,F
LINETT,F
LINSAY,F
LINSDEY,F
LINZY,F
LIRAYEN,F
LIRIA,F
LIRIAN,F
LIRIS,F
LIRKAY,F
LIS,F
LISA,F
LISAIRY,F
LISANDRA,F
LISANIA,F
LISBEETH,F
LISBET,F
LISBETH,F
LISET,F
LISETH,F
LISETT,F
LISETTE,F
LISIE,F
LISLIE,F
LISS,F
LISSA,F
LISSET,F
LISSETE,F
LISSETH,F
LISSETT,F
LISSETTE,F
LISSI,F
LISSIS,F
LISVED,F
LISZETH,F
LITA,F
LITING,F
LITSSY,F
LIXANGE,F
LIZ,F
LIZA,F
LIZANIA,F
LIZBET,F
LIZBETH,F
LIZBHET,F
LIZELOT,F
LIZET,F
LIZETH,F
LIZETHIA,F
LIZTY,F
LIZZ,F
LIZZETH,F
LIZZY,F
LLAJAYRA,F
LLANKALAFKEN,F
LLARLHET,F
LLILIAN,F
LLINFKO,F
LLULIZA,F
LOANNE,F
LOFNY,F
LOHANA,F
LOLA,F
LOREAN,F
LOREDANA,F
LORELEI,F
LOREN,F
LORENA,F
LORENS,F
LORENZA,F
LORETHA,F
LORETO,F
LORETTA,F
LORETTO,F
LORHETTO,F
LORI,F
LORIS,F
LORNA,F
LOUANA,F
LOUISA,F
LOURDES,F
LOURYN,F
LOVISE,F
LUA,F
LUANA,F
LUANIZ,F
LUBNA,F
LUCCIANA,F
LUCERITO,F
LUCERO,F
LUCIA,F
LUCÍA,F
LUCIANA,F
LUCILA,F
LUCILLE,F
LUCRECIA,F
LUCY,F
LUDOVICA,F
LUDWIKA,F
LUHARA,F
LUISA,F
LUÍSA,F
LUISE,F
LUJÁN,F
LUNA,F
LUNAELLE,F
LUNNA,F
LUO,F
LUPE,F
LUPITA,F
LUSIA,F
LUZ,F
LYA,F
LYAH,F
LYANNA,F
LYDIA,F
LYG-RAY,F
LYKARETH,F
LYNDSAY,F
LYNN,F
LYNNAE,F
LYONNA,F
LYZ,F
MABEL,F
MACARENA,F
MACCIEL,F
MACIEL,F
MACKARENA,F
MADAI,F
MADALEYN,F
MADALYS,F
MADAY,F
MADDELAHIN,F
MADDELEIN,F
MADDI,F
MADEILENE,F
MADELAIN,F
MADELAINE,F
MADELAINNE,F
MADELAY,F
MADELAYNE,F
MADELAYNNE,F
MADELEHIN,F
MADELEIN,F
MADELEINE,F
MADELEINNE,F
MADELENE,F
MADELEY,F
MADELEYM,F
MADELEYN,F
MADELEYNE,F
MADELEYNNE,F
MADELIN,F
MADELINE,F
MADELINNE,F
MADELLEIN,F
MADELLEINE,F
MADELYN,F
MADELYNE,F
MADELYNNE,F
MADHELINE,F
MADHUMATI,F
MADISON,F
MADISSON,F
MADUANA,F
MADYSON,F
MAE,F
MAEBA,F
MAÉLINE,F
MAELY,F
MAEVA,F
MAGALI,F
MAGALY,F
MAGDA,F
MAGDALENA,F
MAGDIEL,F
MAGLYN,F
MAHANI,F
MAHANIE,F
MAHARA,F
MAHARANI,F
MAHIDA,F
MAHILY,F
MAHIN,F
MAHITE,F
MAHITTE,F
MAHIYARA,F
MAHYDA,F
MAHYLA,F
MAHYLIN,F
MAHYRA,F
MAI,F
MAIA,F
MAÍA,F
MAIARA,F
MAIBELIN,F
MAIDA,F
MAIDELINE,F
MAIKA,F
MAIKE,F
MAILEN,F
MAILÉN,F
MAILEY,F
MAILI,F
MAILINE,F
MAILING,F
MAILY,F
MAILYN,F
MAILYNE,F
MAILYS,F
MAIRA,F
MAITE,F
MAITÉ,F
MAÍTE,F
MÁITE,F
MAITEE,F
MAITEN,F
MAITHE,F
MAITHIARE,F
MAITIARE,F
MAITTE,F
MAITTHE,F
MAIZA,F
MAJIDA,F
MAKARENA,F
MAKEDA,F
MALAK,F
MALAYSHA,F
MALEN,F
MALÉN,F
MALLERLI,F
MALLERLY,F
MALU,F
MANDIRA,F
MANISHA,F
MANUELA,F
MANUELITA,F
MAQUEILLA,F
MARA,F
MARAM,F
MARANISH,F
MARAYA,F
MARBELLA,F
MARCELA,F
MARCELINA,F
MARCELLA,F
MARCIA,F
MARCIEL,F
MARELLA,F
MARELY,F
MARGARET,F
MARGARETH,F
MARGARITA,F
MARGARITHA,F
MARGOT,F
MARI,F
MARIA,F
MARÍA,F
MARIACAMILA,F
MARIA-CATALINA,F
MARIAEMILIA,F
MARIA-EMILIA,F
MARÍA-EMILIA,F
MARIAFE,F
MARIAFRANCISCA,F
MARIAGRACIA,F
MARIAIGNACIA,F
MARIA-IGNACIA,F
MARÍAIGNACIA,F
MARÍA-IGNACIA,F
MARIAINFANTA,F
MARIAISABEL,F
MARIA-ISIDORA,F
MARIAJESUS,F
MARIA-JESUS,F
MARIAJESÚS,F
MARÍA-JESÚS,F
MARIAJOSE,F
MARIAJOSÉ,F
MARÍAJOSE,F
MARÍAJOSÉ,F
MARÍA-JOSÉ,F
MARIA-LAURA,F
MARIALEINE,F
MARIALY,F
MARIAM,F
MARIAN,F
MARIANA,F
MARIANE,F
MARIANELA,F
MARIANELLA,F
MARIANETT,F
MARIANGEL,F
MARIÁNGEL,F
MARIANGELA,F
MARIANGELES,F
MARIANNA,F
MARIANNE,F
MARIANY,F
MARIAPAZ,F
MARIA-PAZ,F
MARÍA-PAZ,F
MARÍA-PÍA,F
MARIATNE,F
MARIAVICTORIA,F
MARIBEL,F
MARICEL,F
MARICELA,F
MARICIELO,F
MARIE,F
MARIEL,F
MARIELA,F
MARIELL,F
MARIELLA,F
MARIELY,F
MARIEN,F
MARIETTE,F
MARIFFER,F
MARIGEN,F
MARILEN,F
MARILIZA,F
MARILUZ,F
MARILYAN,F
MARILYN,F
MARINA,F
MARIOLI,F
MARIOLY,F
MARION,F
MARIÓN,F
MÁRION,F
MARIONA,F
MARIOTT,F
MARIPAZ,F
MARIROSE,F
MARIRROS,F
MARISA,F
MARISEL,F
MARISELA,F
MARISOL,F
MARITZA,F
MARIUXI,F
MARIVY,F
MARIYAM,F
MARIZA,F
MARJHORY,F
MARJORIE,F
MARJORY,F
MARLA,F
MARLEN,F
MARLENE,F
MARLENNE,F
MARLEY,F
MARLEYNE,F
MARLHENS,F
MARLY,F
MARLYN,F
MARLYS,F
MARTA,F
MARTHA,F
MARTHINA,F
MARTHINNA,F
MARTHYNA,F
MARTINA,F
MARTÍNA,F
MARTINHA,F
MARTINNA,F
MARTTINA,F
MARTYNA,F
MARUPUA-KITERAÑGI,F
MARY,F
MARYAIGNACIA,F
MARYAM,F
MARYAN,F
MARYELITH,F
MARYLAND,F
MARYLIN,F
MARYONN,F
MARYORI,F
MARYORIE,F
MARYORIETH,F
MARYORIT,F
MARYORY,F
MARYSABEL,F
MARYURY,F
MASALA,F
MASIEL,F
MASSIEL,F
MATHILDA,F
MATHILDE,F
MATHYLDA,F
MATILDA,F
MATÍLDA,F
MATILDE,F
MATTILDE,F
MATYLDA,F
MAURA,F
MAUREEN,F
MAUREN,F
MAY,F
MAYA,F
MAYARA,F
MAYBELLINE,F
MAYBREN,F
MAYDA,F
MAYDELIN,F
MAYELEF,F
MAYELLY,F
MAYERLI,F
MAYERLING,F
MAYERLLY,F
MAYERLY,F
MAYKA,F
MAYLEEN,F
MAYLEN,F
MAYLI,F
MAYLIN,F
MAYLINE,F
MAYLING,F
MAYLINN,F
MAYLIS,F
MAYLLIE,F
MAYLYN,F
MAYORIN,F
MAYRA,F
MAYSA,F
MAY-SARA,F
MAYSOUN,F
MAYTE,F
MAYTÉ,F
MAYTEE,F
MAYTÉN,F
MAYTHE,F
MAYTHIARE,F
MAYTTANNE,F
MAYTTE,F
MAYTTHE,F
MAYUMI,F
MAZIEL,F
MCKEYLA,F
MEDALIN,F
MEDALLY,F
MEDALYN,F
MEDELYN,F
MEDERITH,F
MEGAM,F
MEGAN,F
MEGHAN,F
MEHYLYN,F
MEI,F
MEIKO,F
MEILI,F
MEILING,F
MEILYN,F
MEIPING,F
MEIRIT,F
MEISSY,F
MEITH,F
MEI-YING,F
MEL,F
MELANI,F
MELANIA,F
MELANIE,F
MELANNIE,F
MELANNY,F
MELANY,F
MELANYE,F
MELHANY,F
MELIAN,F
MÉLIAN,F
MELIMARGARITA,F
MELINDA,F
MELINNA,F
MELISA,F
MELISSA,F
MELIZA,F
MELL,F
MELLISSA,F
MELODY,F
MEMPHIS,F
MERALEY,F
MERANI,F
MERCEDES,F
MERCEDEZ,F
MEREDID,F
MEREDITH,F
MERIEL,F
MERITXELL,F
MERIYER,F
MERLIA,F
MERRIE,F
MERRY,F
MERY,F
MEY,F
MEYBELLINE,F
MEYBOL,F
MEYLIN,F
MEYLING,F
MEYLIS,F
MHIA,F
MHYA,F
MIA,F
MÍA,F
MÌA,F
MIABELÉN,F
MIABELLA,F
MIAH,F
MÍAIGNACIA,F
MIA-PASCALLE,F
MIA-PASKAL,F
MICAELA,F
MICAL,F
MICHAEL,F
MICHAELA,F
MICHAELL,F
MICHEEL,F
MICHEL,F
MICHELA,F
MICHELE,F
MICHELL,F
MICHELLE,F
MICOL,F
MIEL,F
MIGENE,F
MIHA,F
MIIAH,F
MIJAL,F
MIKAELA,F
MIKECHA,F
MIKELA,F
MIKEYLA,F
MILA,F
MILADA,F
MILADY,F
MILAGRITOS,F
MILAGRO,F
MILAGROS,F
MILAND,F
MILARY,F
MILAY,F
MILBA,F
MILCA,F
MILDRED,F
MILEIDI,F
MILEIDY,F
MILEN,F
MILENA,F
MILENCA,F
MILENKA,F
MILENNE,F
MILETH,F
MILEY,F
MILEYN,F
MILIANI,F
MILIPZA,F
MILISEN,F
MILISENT,F
MILITZA,F
MILIZEN,F
MILKA,F
MILLA,F
MILLAALEN,F
MILLANTÛ,F
MILLARAI,F
MILLARAY,F
MILLICENT,F
MILLIE,F
MILLINCEN,F
MILLOKSY,F
MINDY,F
MINERVA,F
MING,F
MINNA,F
MIRAL,F
MIRANDA,F
MIRBA,F
MIRELIA,F
MIRELLA,F
MIREYA,F
MIRIAM,F
MIRIAN,F
MIRKALA,F
MIRLA,F
MIRTHA,F
MIRYAM,F
MIRZA,F
MISHARY,F
MISHEL,F
MISHELL,F
MISHELLE,F
MISLEY,F
MISURY,F
MITSHY,F
MITZI,F
MITZUKI,F
MITZY,F
MI-VIDA,F
MIXI,F
MIXY,F
MIYARAI,F
MIYARAY,F
MIZUKI,F
MIZURY,F
MIZZA,F
MIZZI,F
MOANA,F
MOEMI,F
MOIRA,F
MOLLY,F
MOLY,F
MONA,F
MONCE,F
MONCERRAT,F
MÓNICA,F
MONIQUE,F
MONSERAT,F
MONSERRAT,F
MONSERRATE,F
MONSERRATH,F
MONSERRATT,F
MONSERRATTE,F
MONSSERRAT,F
MONSSERRATT,F
MONTCERRAT,F
MONTHIEL,F
MONTIEL,F
MONTSERRAT,F
MONTSERRATH,F
MONTSERRATT,F
MONTSSERRAT,F
MONTZERRATT,F
MONZERRAT,F
MONZHERRATT,F
MORAIMA,F
MOREEN,F
MORELIA,F
MORENA,F
MORGANA,F
MORIEL,F
MORIN,F
MORYN,F
MOSERRATT,F
MOTSERRAT,F
MOUREEN,F
MOYRA,F
MUNA,F
MUNAY,F
MURIEL,F
MURYEL,F
MUSHKA,F
MYA,F
MYHA,F
MYLEI,F
MYLENE,F
MYLLARAY,F
MYLLEN,F
MYRIAM,F
MYRIAN,F
MYRLA,F
NAACAL,F
NAARA,F
NABA,F
NABETSE,F
NADA,F
NADHIRAH,F
NADHUAN,F
NADIA,F
NADIEZDA,F
NADINE,F
NADIRA,F
NADJA,F
NADYA,F
NAEVIA,F
NAGORE,F
NAGYARETH,F
NAHARA,F
NAHIARA,F
NAHIARETH,F
NAHIKARI,F
NAHIMA,F
NAHÍRA,F
NAHIYEN,F
NAHOBI,F
NAHOME,F
NAHOMI,F
NAHOMY,F
NAHORY,F
NAHYOMY,F
NAIA,F
NAIARA,F
NAIELY,F
NAILAH,F
NAIMA,F
NAÍMA,F
NAIOBI,F
NAIOVY,F
NAIR,F
NAIRA,F
NAIRI,F
NAJAT,F
NAKARA,F
NALDY,F
NALLARET,F
NALLELY,F
NANCY,F
NANYELSI,F
NAOMI,F
NAOMÍ,F
NAOMY,F
NARA,F
NARABETH,F
NARAY,F
NARAYAN,F
NAREL,F
NARELLA,F
NARESHKA,F
NARUMI,F
NARYED,F
NASHKA,F
NASHLY,F
NASHMIA,F
NASIRA,F
NASLY,F
NASTYA,F
NATACHA,F
NATALI,F
NATALÍ,F
NATALIA,F
NATALIE,F
NATALIN,F
NATALLY,F
NATALY,F
NATANIA,F
NATANNIA,F
NATASHA,F
NATHALIA,F
NATHALÌA,F
NATHALIE,F
NATHALY,F
NATSUMI,F
NAVKA,F
NAYADE,F
NAYADETH,F
NAYAHARA,F
NAYALET,F
NAYALLETH,F
NAYANI,F
NAYANNE,F
NAYARA,F
NAYARAN,F
NAYARAY,F
NAYARED,F
NAYAREDH,F
NAYARET,F
NAYARÉT,F
NAYARETH,F
NAYARETT,F
NAYARLY,F
NAYDELI,F
NAYDELIN,F
NAYELI,F
NAYELLY,F
NAYELY,F
NAYELYS,F
NAYEN,F
NAYÉN,F
NAYESKA,F
NAYHARA,F
NAYHARET,F
NAYHELY,F
NAYIBER,F
NAYKSI,F
NAYLA,F
NAYLEA,F
NAYOMI,F
NAYRA,F
NAYSA,F
NAYSHA,F
NAYUA,F
NAYYAN,F
NAZARENA,F
NAZARET,F
NAZARETH,F
NÁZARETH,F
NAZCA,F
NÁZELY,F
NAZIRA,F
NAZIRAH,F
NAZLY,F
NEELAM,F
NEFERTITI,F
NEHEBKA,F
NEILA,F
NEISHA,F
NEISY,F
NELIDA,F
NELIEL,F
NELLY,F
NELLYAN,F
NELY,F
NEMESIS,F
NENA,F
NEREÍS,F
NESHMY,F
NESTI,F
NETA,F
NETFALY,F
NEUS,F
NEVENKA,F
NEWEN,F
NEYEL,F
NEYEN,F
NHEIA,F
NIA,F
NÍA,F
NICOL,F
NICOLE,F
NICOLET,F
NICOLETTA,F
NICOLETTE,F
NICOLL,F
NICOLLE,F
NICOLTH,F
NIDIA,F
NIDIAN,F
NIDYAN,F
NIDYANS,F
NIEVES,F
NIKEYLA,F
NIKITA,F
NIKOL,F
NIKOLE,F
NILCE,F
NILDA,F
NILVIA,F
NIMEY,F
NINA,F
NINFA,F
NINOSKA,F
NIRA,F
NIRIANE,F
NISCEL,F
NISHMY,F
NISIEL,F
NISRIN,F
NISSI,F
NITTZE,F
NITZIA,F
NIXIA,F
NIXY,F
NIZETH,F
NOA,F
NOAM,F
NOBOLY,F
NOEIMI,F
NOELIA,F
NOELLE,F
NOELYA,F
NOEMI,F
NOEMÍ,F
NOEMIE,F
NOEMÍE,F
NOEMIZ,F
NOEMMY,F
NOEMY,F
NOHALI,F
NOHELIA,F
NOHELY,F
NOHEMI,F
NOHEMY,F
NOLA,F
NOLI,F
NOLLY,F
NORA,F
NORELL,F
NORELLY,F
NORETH,F
NORIEL,F
NORITA,F
NORMA,F
NORMITA,F
NOUR,F
NOURA,F
NOVALI,F
NUHAD,F
NUR,F
NURIA,F
NUSA,F
NYA,F
OCÉANE,F
OCIELA,F
OCTAVIA,F
ODAYA,F
ODETT,F
ODETTE,F
OFELIA,F
OLA,F
OLENKA,F
OLGA,F
OLGUITA,F
OLIMPIA,F
OLIVIA,F
OLYMPIA,F
OMAIRA,F
OMARA,F
OMAYRA,F
ORETHA,F
ORIALI,F
ORIALIZ,F
ORIANA,F
ORIETTE,F
ORISLEYDIS,F
ORIT,F
ORNELLA,F
OSIRIS,F
OSMARA,F
PADME,F
PAHOLLA,F
PALOMA,F
PAMELA,F
PAMELLA,F
PAOLA,F
PARIS,F
PARÍS,F
PÁRIS,F
PARISSA,F
PAS,F
PASCAL,F
PASCALA,F
PASCALE,F
PASCALL,F
PASCALLE,F
PASCKAL,F
PASCKALE,F
PASCUALA,F
PASCUALLA,F
PASKAL,F
PASKALA,F
PASKALE,F
PASKALEE,F
PASKALL,F
PASKHAL,F
PASS,F
PASSCAL,F
PASSCALE,F
PASSKAL,F
PASTORA,F
PATRICIA,F
PATSCAL,F
PATTY,F
PAULA,F
PAULET,F
PAULETTE,F
PAULIE,F
PAULINA,F
PAULLET,F
PAULLETTE,F
PAXI,F
PAZ,F
PAZCAL,F
PAZCALE,F
PAZCALL,F
PAZKAL,F
PAZKALE,F
PEDRINA,F
PEICH,F
PENELOPE,F
PÉNÉLOPE,F
PERLA,F
PETRA,F
PEWUN,F
PEYTON,F
PHAZCAL,F
PHIA,F
PHILIPPA,F
PHIPPA,F
PHOLA,F
PIA,F
PÍA,F
PIA-JAVIERA,F
PIARE,F
PIERA,F
PIERINA,F
PILAR,F
PO,F
POLA,F
POLASKA,F
POLED,F
POLEHT,F
POLES,F
POLET,F
POLETH,F
POLETT,F
POLETTE,F
POLLET,F
POLLETH,F
POLLETTE,F
POULETH,F
POULETHE,F
POULETT,F
POULETTE,F
POULLETTE,F
PRICILA,F
PRINCESS,F
PRISCILA,F
PRISCILLA,F
PRISILA,F
PUAKURENGA,F
QIRAT,F
QUIARA,F
QUIMEY,F
QUIYI,F
RACHAEL,F
RACHEL,F
RACHELL,F
RACHELLE,F
RACIEL,F
RADIOLET,F
RAFAELA,F
RAFAELLA,F
RAFAHELA,F
RAFFAELA,F
RAFFAELLA,F
RAICHEL,F
RAIEN,F
RAISA,F
RAITCHER,F
RAIYEN,F
RAJEL,F
RAJNA,F
RAKEL,F
RAMONA,F
RANDA,F
RANIA,F
RAPHAELA,F
RAPHAELLA,F
RAQUEL,F
RASHIDA,F
RAYELLE,F
RAYEN,F
RAYÉN,F
RAYÈN,F
RAYLEE,F
RAYLEN,F
RAYSA,F
RAYZA,F
REBECA,F
REBECCA,F
REBEKAH,F
REGINA,F
REHANA,F
REICHEL,F
REISCY,F
REISHELL,F
REITANGA,F
RELMU,F
RENATA,F
RENATHA,F
RENATTA,F
RENEÉ,F
RENESME,F
RENY,F
REUZA,F
REYCHEL,F
REYCHELL,F
REYIL,F
REYSHEL,F
REYSHELL,F
RIHANNA,F
RINA,F
RITA,F
RITAL,F
RITGEL,F
RIVKA,F
ROBERTA,F
ROCIO,F
ROCÍO,F
ROMA,F
ROMANÉ,F
ROMANET,F
ROMINA,F
ROMINNA,F
ROMMY,F
ROMYNA,F
ROSA,F
ROSALBA,F
ROSALÍA,F
ROSALVINA,F
ROSANA,F
ROSARIO,F
ROSAURA,F
ROSE,F
ROSELVI,F
ROSEMARIE,F
ROSEMARY,F
ROSEMERY,F
ROSER,F
ROSIE,F
ROSIO,F
ROSÍO,F
ROSITA,F
ROSLYN,F
ROSMARY,F
ROSMERY,F
ROSS,F
ROSSANA,F
ROSSE,F
ROSSELLA,F
ROSSELY,F
ROSSEMARY,F
ROSSETH,F
ROSSIO,F
ROSSMARY,F
ROSSY,F
ROSY,F
ROULA,F
ROUS,F
ROUSE,F
ROUSMERY,F
ROUSSE,F
ROUST,F
ROXANA,F
ROXANI,F
ROXANNE,F
RUBÍ,F
RUBY,F
RUBYT,F
RUBYTH,F
RUI,F
RUPERTA,F
RUT,F
RUTH,F
RUTHSAHARÁ,F
RYHANNA,F
SABBRINA,F
SABIERA,F
SABINA,F
SABKA,F
SABRINA,F
SACHA,F
SACHIEL,F
SADEEN,F
SADELYN,F
SADYA,F
SAFI,F
SAFIRO,F
SAFKA,F
SAHABINA,F
SAHARA,F
SAHARIS,F
SAHI,F
SAHILY,F
SAHIRA,F
SAIDA,F
SAIRA,F
SAIRI,F
SAKINRAY,F
SAKURA,F
SAKYNA,F
SALEM,F
SALETH,F
SALLY,F
SALOMÉ,F
SAMANTA,F
SAMANTHA,F
SAMARA,F
SAMARIA,F
SAMIA,F
SAMIRA,F
SAMIRAH,F
SAMIRHA,F
SAMSARA,F
SAMYA,F
SAMYRA,F
SANDRA,F
SANDY,F
SANTOS,F
SARA,F
SARAH,F
SARAHI,F
SARAI,F
SARAIH,F
SARAY,F
SARHAY,F
SARIAH,F
SARITA,F
SASHA,F
SASHENKA,F
SASKA,F
SATURNINA,F
SAUGHEN,F
SAVCKA,F
SAVKA,F
SAWSAN,F
SAXENKA,F
SAYA,F
SAYANA,F
SAYBETH,F
SAYDI,F
SAYEN,F
SAYÉN,F
SAÿEN,F
SAYENKA,F
SAYEÑÑ,F
SAYETH,F
SAYNI,F
SAYRA,F
SAYRE,F
SAYRI,F
SAYUMI,F
SAYURI,F
SCARLEHT,F
SCARLET,F
SCARLETE,F
SCARLETH,F
SCARLETT,F
SCARLETTE,F
SCARLLETT,F
SCHLOMIT,F
SCHLOMY,F
SCHOXY,F
SCIOMARA,F
SDARA,F
SEFORA,F
SÉFORA,F
SEGUNDA,F
SEIDY,F
SELENA,F
SELENE,F
SELENI,F
SELENY,F
SELESTE,F
SELINA,F
SENDDY,F
SENIA,F
SERAFIMA,F
SERENA,F
SERGINA,F
SEVERINA,F
SEWAR,F
SHAANI,F
SHADAY,F
SHADEY,F
SHADIA,F
SHAHED,F
SHAHIRA,F
SHAIEL,F
SHAIRA,F
SHAKED,F
SHAKIRA,F
SHALOM,F
SHALÒM,F
SHAMIRA,F
SHANAY,F
SHANEL,F
SHANNAYA,F
SHANTY,F
SHARAY,F
SHARELL,F
SHARELY,F
SHARLOT,F
SHARLOTT,F
SHARLOTTE,F
SHARLYNNE,F
SHAROL,F
SHARON,F
SHAROON,F
SHARY,F
SHAYEN,F
SHAY-MIA,F
SHAYNNA,F
SHEILA,F
SHELI,F
SHENAY,F
SHERILYNE,F
SHERLYN,F
SHERMYE,F
SHEYLA,F
SHIOMARA,F
SHIPRIAN,F
SHIREEN,F
SHIREL,F
SHIRLEY,F
SHLOMI,F
SHLOMIN,F
SIAIRIS,F
SIBILL,F
SIBONEY,F
SIBYLLE,F
SIDRA,F
SIENA,F
SIENNA,F
SIGAL,F
SIGRID,F
SIGRIHT,F
SIHAM,F
SIHAMARA,F
SIHARA,F
SÍJAM,F
SILVANA,F
SILVIA,F
SIMONA,F
SIMÓNA,F
SIMONE,F
SIMONÉ,F
SIMONE-PASCALLE,F
SIMONETH,F
SIMONEY,F
SINAI,F
SINARA,F
SINDY,F
SIOMARA,F
SIOMHARA,F
SISTA,F
SIUMEY,F
SIUXMEI,F
SKANDRA,F
SKARLET,F
SKARLETH,F
SKARLETT,F
SLAVIA,F
SMAYLIN,F
SOFFIA,F
SOFFÍA,F
SOFFYA,F
SOFHIA,F
SOFIA,F
SOFÍA,F
SOFÌA,F
SOFÍA-IGNACIA,F
SOFIHA,F
SOFYA,F
SOHAD,F
SOHE,F
SOL,F
SOLANCH,F
SOLANDA,F
SOLANGE,F
SOLARA,F
SOLEDAD,F
SOLSIRE,F
SOLVEY,F
SONIA,F
SONILDA,F
SONYA,F
SOPHI,F
SOPHIA,F
SOPHÍA,F
SOPHÌA,F
SOPHIE,F
SOPHYA,F
SORANY,F
SORAYA,F
SOULIN,F
SOULING,F
SOULYN,F
SPANICHELLE,F
STACEY,F
STACY,F
STAYSY,F
STEAYZY,F
STEFANI,F
STEFANIA,F
STEFANIE,F
STEFANNI,F
STEFANNIA,F
STEFANNY,F
STEFANY,F
STEFANYA,F
STEFANYHA,F
STEFFANY,F
STEFFI,F
STEFY,F
STEICY,F
STEISY,F
STELLA,F
STEPHANI,F
STEPHANIA,F
STEPHANIE,F
STÉPHANIE,F
STEPHANNI,F
STEPHANNIA,F
STEPHANNIE,F
STEPHANNY,F
STEPHANY,F
STERRE,F
STEYSI,F
STHACY,F
STHEFANY,F
STHEFFANY,F
STHEIISY,F
STHEPANIE,F
STHEPHANY,F
STHEYSY,F
STYBALI,F
SU,F
SUE,F
SUEMI,F
SUEMY,F
SUGEY,F
SUHÉLLEM,F
SUI,F
SUIAM,F
SUILAN,F
SUJEY,F
SUMYKO,F
SUNDARI,F
SÙNDARI,F
SUNGY,F
SURI,F
SUSAN,F
SUSANA,F
SUSI,F
SUSSAN,F
SUSY,F
SUVI,F
SUYAI,F
SUYMEY,F
SUZANA,F
SUZETTE,F
SVETLANA,F
SYHOMARA,F
SYLPHEIL,F
SYLUNE,F
SYLVIA,F
SYRIA,F
SZÓFIA,F
TAAHIRA,F
TABARAK,F
TABATA,F
TÁBATA,F
TABATHA,F
TABATTA,F
TABITA,F
TABITHA,F
TABYTHA,F
TADEA,F
TAHIA,F
TAHINA,F
TAHINNA,F
TAHIRA,F
TAHIRI,F
TAHIRIS,F
TAHIRY,F
TAHIS,F
TAHÍS,F
TAHYS,F
TAINA,F
TAIPU,F
TAIRA,F
TAIRIS,F
TAIS,F
TAÍS,F
TAÌS,F
TALA,F
TAMAR,F
TAMARA,F
TAMMY,F
TANIA,F
TANYA,F
TANZA,F
TARJA,F
TATIANA,F
TATIANNA,F
TATIUSKA,F
TAUROMI,F
TAVITA,F
TAYRA,F
TEHANY,F
TEHILA,F
TEHYA,F
TEODOSIA,F
TERESA,F
TERESITA,F
TEXIA,F
THABITA,F
THAÍA,F
THAINA,F
THAIRA,F
THÁIRA,F
THAIRIS,F
THAIRY,F
THAIS,F
THAÍS,F
THALIA,F
THALÍA,F
THALYA,F
THAMAR,F
THAMARA,F
THÁMARA,F
THAMARY,F
THANI,F
THANIA,F
THANNYA,F
THAYRA,F
THAYS,F
THAYSS,F
THEARE,F
THELMA,F
THIANY,F
THIARA,F
THIARE,F
THIAREN,F
THRINIDAD,F
THÚSNELDA,F
THYARA,F
THYARE,F
THYRA,F
TIAHARE,F
TIARA,F
TIARE,F
TIHANI,F
TIHARE,F
TIMEA,F
TIRZAH,F
TIYA,F
TIZIANA,F
TOMASA,F
TONKA,F
TRACY,F
TREICY,F
TREYSSI,F
TRIANA,F
TRINIDAD,F
TRINITY,F
TRINYDAD,F
TRIXIA,F
TRIXY,F
TSZ,F
TUSHITA,F
TYARA,F
TYARE,F
TYRA,F
ULANI,F
UMA,F
UNAHI,F
URIEL,F
ÚRSULA,F
UZIEL,F
VAHIOLET,F
VAHIOLETH,F
VAHIOLETT,F
VAHITIARE,F
VAHITIHARA,F
VAI,F
VAIOLET,F
VAIOLETH,F
VAITEA,F
VAITHEARE,F
VAITHIARE,F
VAITHYARE,F
VAITIARE,F
VAI-TIARE,F
VAITYARE,F
VALENTHINA,F
VALENTINA,F
VALENTINE,F
VALENTTINA,F
VALERA,F
VALERIA,F
VALERIE,F
VALERIN,F
VALERY,F
VALESCA,F
VALESKA,F
VALEZCA,F
VALEZKA,F
VALHERIA,F
VALHERY,F
VALLOLET,F
VALLORET,F
VAMSI,F
VANECHKA,F
VANESA,F
VANESSA,F
VANEZA,F
VANIA,F
VANÍA,F
VANINNA,F
VANNESSA,F
VANNIA,F
VANNY,F
VANYA,F
VARINIA,F
VASNI,F
VASTI,F
VASTY,F
VAYOLET,F
VAYOLETH,F
VAYOLETT,F
VAYOLETTE,F
VAYTHIARE,F
VAYTIARE,F
VAYTIAREE,F
VEHI-ITI,F
VELIA,F
VERA,F
VERENA,F
VERENIZE,F
VERIAMO,F
VERONA,F
VERONIA,F
VERONICA,F
VERÓNICA,F
VERONIKHA,F
VEYOSKA,F
VIALETTE,F
VIANA,F
VIANCA,F
VIANKA,F
VIANNEY,F
VIARLY,F
VICCENZA,F
VICENTA,F
VICTORIA,F
VIDA,F
VIDEL,F
VIHOLKA,F
VIKRUTI,F
VIKTORIA,F
VILMA,F
VINKA,F
VIOLET,F
VIOLETA,F
VIOLETTA,F
VIOLETTE,F
VIRGINIA,F
VITALIA,F
VITTORIA,F
VIVA,F
VIVÍ,F
VIVIAN,F
VIVIANA,F
VIVIANNE,F
WAFAA,F
WALESKA,F
WARA,F
WENDOLY,F
WENDOLYNE,F
WENDY,F
WENURAY,F
WIDIANIE,F
WILMA,F
WUARA,F
XAMARA,F
XAMIRA,F
XAVIERA,F
XAYAKA,F
XELENE,F
XEOMARA,F
XHIARE,F
XIAMARA,F
XIAO,F
XIAOMIN,F
XIAOXIN,F
XIARA,F
XIMENA,F
XIOMARA,F
XITONG,F
YACKSELYN,F
YACQUELINE,F
YACSIEL,F
YADELYS,F
YADEVG,F
YADHIRA,F
YADIRA,F
YAEL,F
YAELA,F
YAELI,F
YAELY,F
YAEN,F
YAHAIRA,F
YAHAYRA,F
YAHINARA,F
YAHIRA,F
YAHIZA,F
YAIDEN,F
YAILEN,F
YAILHEEN,F
YAIMARA,F
YAINELLY,F
YAIRA,F
YAISY,F
YAIZA,F
YAJAIRA,F
YAJIE,F
YALÍA,F
YALIXZA,F
YAMARAI,F
YAMELI,F
YAMELIT,F
YAMELY,F
YAMIL,F
YAMILA,F
YAMILET,F
YAMILETH,F
YAMMING,F
YAMNA,F
YANALETT,F
YANARA,F
YANDALIR,F
YANDARIEL,F
YÁNDELEN,F
YANDERLINE,F
YANDERY,F
YANDHIRA,F
YANDÍ,F
YANDRI,F
YANÉ,F
YANEL,F
YANELA,F
YANELI,F
YANELIE,F
YANELIS,F
YANELIZ,F
YANELLA,F
YANELLI,F
YANELY,F
YANET,F
YANHARA,F
YANIBEL,F
YANIM,F
YANINA,F
YANIRA,F
YANIRE,F
YANIRIS,F
YANIS,F
YANISEL,F
YANISS,F
YANIVELA,F
YANNARA,F
YANNELA,F
YANNELY,F
YANNIRA,F
YANNITHZA,F
YANNY,F
YANUSKA,F
YAQUELIN,F
YARA,F
YARALET,F
YARAY,F
YARDELINE,F
YARELA,F
YARELI,F
YARELLA,F
YARELY,F
YARESLA,F
YARET,F
YARETH,F
YARETSY,F
YARETZI,F
YARI,F
YARIAND,F
YARIANI,F
YARIHS,F
YARIKZA,F
YARIS,F
YARISLEY,F
YARITSA,F
YARITZA,F
YARIXA,F
YARIXSA,F
YARIXZA,F
YARLEI,F
YARLETTE,F
YARLIN,F
YAROSKA,F
YASHIARA,F
YASHSVI,F
YASLIN,F
YASLINE,F
YASLYN,F
YASMILA,F
YASMIN,F
YASMÍN,F
YASNA,F
YASNALY,F
YASSIARA,F
YASSIEL,F
YASSÚ,F
YASURI,F
YAWEN,F
YAXENY,F
YAXI,F
YAZID,F
YAZMIN,F
YAZMÍN,F
YAZUNARI,F
YECXABEL,F
YEGNY,F
YEHILIN,F
YEHUDITH,F
YEIDI,F
YEIMILI,F
YEIMILY,F
YEIMY,F
YEINARA,F
YEINS,F
YEISMI,F
YÉLANY,F
YELEN,F
YELÉN,F
YELENA,F
YELINA,F
YELIPSA,F
YENCY,F
YENDDELY,F
YENDELAIN,F
YENDELAYN,F
YENDELEIN,F
YENDELEY,F
YENDELHYN,F
YENDELI,F
YENDELIN,F
YENDELY,F
YENDELYN,F
YENDENLAY,F
YENDERLEIN,F
YENDERLYN,F
YENEDITH,F
YENELIXY,F
YENELLE,F
YENI,F
YENIFER,F
YENIFFER,F
YENNIFER,F
YENNY,F
YENSY,F
YERAHI,F
YERAI,F
YERALDI,F
YERALDIN,F
YERALDINA,F
YERALDINE,F
YERALDINNE,F
YERALDY,F
YERAY,F
YERELYN,F
YERETZI,F
YEREXY,F
YERIETH,F
YERKA,F
YERLEY,F
YERLI,F
YERLY,F
YERMANIA,F
YESABEL,F
YESELBEL,F
YESENIA,F
YESICA,F
YESKARE,F
YESKARY,F
YESLIA,F
YESSENIA,F
YESSICA,F
YESTERLINE,F
YETZABET,F
YETZABETH,F
YETZEL,F
YETZHARI,F
YEVANNIA,F
YEXALEN,F
YHANARA,F
YHANEISSY,F
YHANIRA,F
YHASNA,F
YHENDELINE,F
YHENDELY,F
YHENEDI,F
YHOALIBETH,F
YHOANA,F
YHOHANA,F
YHUCESKA,F
YIARELA,F
YIBEL,F
YICELA,F
YILANY,F
YILEINNI,F
YILIÁNT,F
YILING,F
YILMARA,F
YINGLIN,F
YINN,F
YINYER,F
YIOMARA,F
YIPSSI,F
YIRIHAM,F
YIRLEIN,F
YIRLIAN,F
YISEL,F
YISELL,F
YISLEI,F
YISLEM,F
YISLEN,F
YISLEY,F
YISMEYBEL,F
YISSEL,F
YITSY,F
YIXING,F
YLENDELYN,F
YLENIA,F
YLLARI,F
YLWEN,F
YNEÍ,F
YOANDRA,F
YOBANCA,F
YOBELI,F
YOELY,F
YOHANA,F
YOHANNA,F
YOHENIA,F
YOICE,F
YOIS,F
YOISS,F
YOLA,F
YOLANDA,F
YOMARA,F
YOMARY,F
YOMIRA,F
YONY,F
YORASKA,F
YORYETH,F
YOSELIN,F
YOSELYN,F
YOSETH,F
YOSILIY,F
YOSMITH,F
YOSSEANY,F
YOSSELIN,F
YOULINER,F
YOVANNA,F
YSABEL,F
YSABELLA,F
YSIDORA,F
YSSABELLA,F
YTZEL,F
YU,F
YUBITZA,F
YUDIT,F
YUDITH,F
YUDITZA,F
YULAIDY,F
YULAINY,F
YULEIDIS,F
YULEISY,F
YULIANA,F
YULIANNA,F
YULIANYELA,F
YULIET,F
YULIETH,F
YULIETT,F
YULIETTE,F
YULISA,F
YULISSÁ,F
YULITZA,F
YULY,F
YUMARA,F
YUNIOSKA,F
YURANI,F
YURENA,F
YURI,F
YUSARA,F
YUSARY,F
YUSEK,F
YUSSARI,F
YUSSI,F
YUVISA,F
YUWAIRIA,F
YUYUNIS,F
YUYUNIZ,F
YUZAMEZ,F
YVANIA,F
YVANNA,F
YVELISE,F
YVENIE,F
YVETTE,F
YVONNE,F
YVY,F
YYÍREMIN,F
YZABELA,F
ZADRID,F
ZAFHIRO,F
ZAFIR,F
ZAFIRO,F
ZAHIRA,F
ZAHYRA,F
ZAIDA,F
ZAIDY,F
ZAINAB,F
ZAIRA,F
ZAMANTHA,F
ZAMARA,F
ZAMIRA,F
ZAMMYRA,F
ZAMYRA,F
ZARA,F
ZARAI,F
ZARELLA,F
ZARITH,F
ZASKA,F
ZAUDE,F
ZAVKA,F
ZAYEN,F
ZAYHEN,F
ZAYRA,F
ZAYURI,F
ZBENKA,F
ZEINA,F
ZELENE,F
ZENAIDA,F
ZENEY,F
ZHENGYU,F
ZHIXIN,F
ZI,F
ZIHOMARA,F
ZINAT,F
ZIOMARA,F
ZOAR,F
ZOE,F
ZOÉ,F
ZÓE,F
ZOIL,F
ZULAY,F
ZULEHYKA,F
ZULEM,F
ZULEMA,F
ZULÉN,F
ZULLAY,F
ZULMA,F
ZURÍ,F
ZYANYA,F
ZYHOMARA,F
